review,sentiment
"leta ampak je to isto leto? Najprej je bil samo Čas. In kadar ni $ presenetilo, da ga je po nesreči kar odgriznil. »Tpfej!« je Čas izpljunil rep iz $ odvrnil rep. »No, prav, potem me pa zabavaj!« je ukazal Čas. »To pa lahko,«",0
"so se na njem videle gubice. »Odslej mi je ime Leto,« je slovesno izjavil. $ izjavil. »Spoštovani Čas, vabim vas, da si ogledate moje dneve.« Leto se je spretno $ ogledal tristošestinpetdeset popolnoma enakih črno-belih dni, je začel nevljudno zehati. Leto se je ustavilo:",1
"za moža. - Še grofa ne maram, pa bi vzela ježa! se oglasi najstarejša $ mati reče sinu ježek, že se deček spremeni v ježka. Jež pa nima mesta $ sili k njej, ker hoče tudi on mesiti. -Beži no, ježek! Pravi mati nejevolna. $ je zgodilo tudi ob tej priliki. Komaj mati reče sinu ježek, že se deček $ Komaj mati reče sinu ježek, že se deček spremeni v ježka. Jež pa nima $ ježka. Jež pa nima mesta pri hiši. Zato je tudi ježek-Janček odšel v gozd, $ in sede prav pod ježevo hruško. Grof počiva pod hruško, ježek-Janček pa si prične $ ježek-Janček pa si prične lepo žvižgati. - Kaj pa ti, ježek? ga vpraša grof. $ Zakaj si tako vesel? - Lahko sem vesel, mu odgovori ježek-Janček, ker dobro vem, $ v tako plačilo, ker drugače ni mogel iz velikega gozda. Ježek mu pokaže pot $ gozda. Ježek mu pokaže pot prav do doma. Drugi dan Janček-ježek že navsezgodaj pred $ Prišel je na ogledi. - Dobro jutro! Dobro jutro! kriči Janček-ježek pred gradom. Po $ svojim hčerkam že prej naročil, kaj naj napravijo, če pride ježek. Zato hitro zapro $ vrata, odpro okna in opazujejo, kaj bo sedaj počel revček ježek. Na grajskem dvorišču $ skoči –smuk- na hrbet. Petelin se ustraši in zleti z ježkom vred na okno, $ stale grofove hčerke. - Halo gospodične grofičice, se oglasi zdaj ježek na oknu s $ voz iskre konje, hčerka nevesta sede na voz, vzame ženina Jančka-ježka na krilo in $ se odpeljejo k poroki. Komaj pa stopijo pred oltar se ježek-Janček strese in pri $ revček ježek. Na grajskem dvorišču se je sprehajal velik petelin. Ježek-Janček to vidi in",1
" Mati mesi kruh. Mali $ njej, ker hoče tudi on mesiti. -Beži no, ježek! Pravi mati nejevolna. V tistem $ dandanes. Tako se je zgodilo tudi ob tej priliki. Komaj mati reče sinu ježek,",1
"je bil grofovski grad. Zgodi pa se, da gre nekoč grof na lov in $ Slednjič ga zajame utrujenost in sede prav pod ježevo hruško. Grof počiva pod hruško, $ prične lepo žvižgati. - Kaj pa ti, ježek? ga vpraša grof. Zakaj si tako",0
"Še grofa ne maram, pa bi vzela ježa! se oglasi najstarejša zaničljivo. - Kralja čakam, $ - Premlada si še za ženitev, prepusti ga meni, pravi najstarejša najmlajši sestrici nevesti.",0
"vzela ježa! se oglasi najstarejša zaničljivo. - Kralja čakam, de druga in se smeje. $ - Jaz ga vzamem. Saj ti si še otrok, pristavi druga. Janček pa vesel",0
"vzamem za moža zato, ker si rešil mojega očeta, pravi najmlajša. Grof zapreže v",1
"na noč zahajali domov, podnevi pa zaklenili njo in eno mačko; samo lino so $ strehe skočiti na tla. Pa vselej, ko nogo vzdigne, skoči mačka na lino in $ žival ne pusti, pravi ona. Zato ne pusti, ker ima mačka v repu devet $ devet peklenskih vragov, ki so vsi s pasjeglavci zmenjeni. Daj mački kos mesa, in $ kdaj ne kam. Storila je po njegovem svetu: dala je mački mesa, ji v $ vedela ne kam ne kod doli po zidu, vidi kosorepo mačko počasi in klavrno $ drevesa, ki se je z vršičkom dotikalo strehe, in videč mačko po drevesu priti $ je bila storila; pasjeglavci pridejo domov in zagledajo kosorepo krvavo mačko. Brž uganejo, kaj",0
"jokala in boga prosila, da bi še kdaj prišla k očetu domov. Večkrat je $ pred seboj. Kaj ti je mlada? jo nagovori dedec. K očetu bi šla rada, $ ubežno deklico. Medtem je bila ona pritekla že blizu do očetovega doma. Oče njen $ zato ni mogla noter. Dolgo je klicala ter klicala, pa očeta ni bilo in $ v roke pa vzame široko sekiro, ki jo je bil oče ravno prejšnji dan $ je vsakemu tako primerila kakor prvemu. Ko je drugo jutro oče kovač prišel žalosten",1
"še bili so ko Tačas, pasjeglavci po teh krajih, $ vrat. Tam notri ni videla žive duše in le včasih pasjeglavce, ki so na $ mačka v repu devet peklenskih vragov, ki so vsi s pasjeglavci zmenjeni. Daj mački $ še ona in srečno uteče. Noč se je bila storila; pasjeglavci pridejo domov in $ zaspati. Kar ji na misel pride: Morda bi me zasledili pasjeglavci in še huje $ si notri oddahne in luč naredi, kar zasliši zunaj govoriti pasjeglavce. Po sledu so $ luknji, skozi katero je bila sama noter prišla. Kmalu izvohajo pasjeglavci to luknjo in $ domov, je našel hčer in na klopi v kovačnici dvanajst pasjeglavcev, ki jih je",0
"še pasjeglavci po teh krajih, je plela neki dan lepa deklica sama na njivi. $ navzgor. Tako niso mogli videti, na kateri smreki čepi skrita deklica. Bodli so torej $ Obstopili so tisto smreko in jo izruvali; tako jim je deklica prišla v pest. $ začne tako jezno renčati in brusiti kremplje, da je bilo deklico strah. Nekoč posebno $ mlada? jo nagovori dedec. K očetu bi šla rada, pravi deklica. Kako boš šla, $ ne bo branila. Tako je mož dejal in izginil, da deklica ni vedela ne $ to, in dvanajst jih poišče sled in teče za ubežno deklico. Medtem je bila",1
"starega dedca pred seboj. Kaj ti je mlada? jo nagovori dedec. K očetu bi $ šla, ali ne veš, da pasjeglavski grad nima vrat? reče dedec. Vem, ali jaz",1
"Malemu Jožku se je sanjalo, $ grem,« je rekla lastavica. »Ti bom vjel muho,« je silil Joško. »Jih znam sama $ »Zato ker si poreden.« »Nisem ne poreden,« se je branil Joško. »Kdo je bil $ je bil pa včeraj našeškan, kdo?« se je smejala lastavica. Joško je napravil majhno $ ve?« se je spet smejala lastavica. Zdaj je bilo pa Jošku preveč Namršil je $ so bile strašne in so postajale vedno večje ... Toda Joško je kmalu videl $ je zijalo in ga hotelo pogoltniti. In — — — Joško se je prebudil,",1
"ji je rekel, »se bova poigrala!« »Ne grem,« je rekla lastavica. »Ti bom vjel $ Joško. »Jih znam sama bolje loviti, kakor ti,« je odgovarjala lastavica. »Pojdi!« »Ne grem.« $ »Kdo je bil pa včeraj našeškan, kdo?« se je smejala lastavica. Joško je napravil $ danes sem pa priden!« »Kdo ve?« se je spet smejala lastavica. Zdaj je bilo",0
"in jokala pred zaprto jamo, dokler se je ni usmilila vila z Menine planine.",1
" Gorjanci pripovedujejo, da je",1
"Grada je nekoč v revni bajti na samoti živela uboga bajtarica, ki ni imela $ jamo z zakladom. In glej: jama se je odprla, uboga bajtarica pa je ostrmela $ si ga to noč nagrabila v predpasnik.« Vila je izginila, bajtarica pa je odšla",0
"kresni večer, je nekega, kresnega večera vzela v naročje svojega otroka ter odšla iskat $ od bleščave zlata in srebra. Stopila je v jamo, odložila otroka na skalo ter $ v jamo. Šele zunaj se je žena spomnila, da je otroka pozabila v jami. $ jo boš zalivala s solzami. V jami boš našla svojega otroka, a samo tedaj, $ je odšla domov in dan in noč jokala za izgubljenim otrokom. Toliko solz je",1
"je neki lovec hodil po gozdu in zagledal tam daleč medveda. Od strahu se $ lepo skregava, se začneva magati. - No prav! je dejal medved in je šel $ kreganjem! Lovec je vzel svojo puško in začel streljati. Ubogega medveda je zabolelo po $ zabolelo po vsem životu! - Nehaj, nehaj, je začel vpiti medved, če so tvoje $ kdo ve, kako si močan ti! Tako je mož premagal medveda. ",0
"neki je Nekoč lovec hodil po gozdu $ na bulo, je začel vpiti: - Dajva začeti s kreganjem! Lovec je vzel svojo $ ustavil in se je skril za drevo. Medved, ki je moža opazil, se je $ - Zakaj bi se magala brez vsakega vzroka? je rekel mož. Prej se morava $ je tudi res. - Pojdi malo bolj daleč, je dejal mož, bolj tja, do $ v život, kdo ve, kako si močan ti! Tako je mož premagal medveda.",1
"v nji obhajati božja služba, dokler bi ne imel svetega ptiča, kateri ima zlato $ ptiča, kateri ima zlato perje. Pa kje bi bil ta ptič, tega ni znal $ križopotji obesijo na drevo tri vence; kateri bi našel svetega ptiča, imel bi vedno $ katera ga pouči kod ima iti. Rekla mu je: «Tisti ptič je na Turškem, $ turške dežele, ter najde razrušeno cerkev. Tu je letal zlati ptič od oltarja do $ od oltarja do oltarja, ter lepše pel ko najmilejša godba. Ptič mu zleti na $ Žalost bila je velika, ko sta raztrosila grozno vest. Zlati ptič ni nič več $ v cerkev. Ko je prestopil cerkveni prag, zapel je sveti ptič prvič odkar so $ ker ni šel v cerkev, bi saj slišal peti zlatega ptiča. Drugo nedeljo zgodi $ grof k vratom stražo, da bi spoznal za koga voljo ptič vender zapoje. Tudi $ voljo ptič vender zapoje. Tudi takrat prišel je grofič. Najnazadnje ptič je zapel, stražar $ vstal ter stopil skozi vrata vtihnil je ob enem zlati ptič. Stražar stopi za $ «Zdaj moraš z menoj, ker grof hoče vedeti zakaj zlati ptič ravno za tebe",1
Tam se razidejo — a v bližnji krčmi sestaneta se starejša brata zopet. Tam pijeta,0
"pridejo do križopotja, kjer so obesili vence, bil je venec najmlajšega brata še lep cveteč,",1
"neki samoti na pol podrto kočo; tu je živela stara ženica, katera ga pouči",1
"je zdaj lep grad v njem pa so bivale tri princesinje, katere so grofiču $ žreblji.» Kmalu potem oženil se je najmlajši sin z lepo princesinjo, starejša pa sta",1
"kraj kjer je gospodoval njegov oče, ter stopi pri nekem čevljarji za pomagača. V $ stopi pri nekem čevljarji za pomagača. V nedeljo ga vpraša čevljar če pojde k",1
"zapoje. Tudi takrat prišel je grofič. Najnazadnje ptič je zapel, stražar pa si dobro",1
"se je moral do drugega dne skriti. Zvečer zbere grof sodnike, ter je vprašal, $ brata sam oslepil, ter ga zapustil v smrtni nevarnosti. Vsak sodnik je izrekel grozno",0
v tem onemogel ležal na samotnem griči. Kar priletita dva vrana in eden pravi,0
hoče vedeti zakaj zlati ptič ravno za tebe voljo poje.» Grof na mah spozna,1
"živela je Nadiže blizu čelom skalnatim Pod lisica, ki je imela $ valjale po travi: zvečer pa so imele šolo in mati lisica jih je učila, $ Kocijana. Tam so se odpo­čile in potem jim je mati lisica dejala: - Vstanite $ kje se spet srečamo? - Ah, moji otroci, je rekla lisica, od zdaj bo",1
"skalnatim čelom blizu Nadiže je živela lisica, ki je imela mlade. Vsak dan je $ je­sti. Nosila je domov kokoši, polhe, ptice, zato so nje­ne mlade lepo rasle. Pod $ smejo v življenju ničesar bati. Nekega dne, ko so bile mlade že odraščene, jih",1
"mi jih ostane še š e s t!« — veli Kurent ter gre dalje $ je pa bil sam Gospod Bog. Ker pa ni imel Kurent nobenega vinarja več $ da mu — suknjico. Na to pa reče berač: »Ti Kurent, ti si res $ pa ti poželeli« — »Ha ha ha!« — zasmeje se Kurent — »kaj mi $ bi vedno bolj pekla, če bode kdo na nji!« — Kurent se je le $ sebe zagleda železno stolico -- a berača ne ugleda nikjer. Kurent si misli: »Naj $ le, krak gosposki, ti jo že zasolim!« — misli si Kurent. Vzame puško, pomeri, $ »Halooo! gospod moj, ali ste mož svojih besedij!?« — upije Kurent. Gospod pa se $ veliko opreznostjo skozi robido. Ko pa prileze do srede, vzame Kurent goslice ter začne $ nje, kjer je skakal, prosil in rotil še dolgo časa, Kurentu pa se je $ čakal le še povelja, da mu zavije vrat; kar spregovori Kurent: »Gospodje sodniki! Kdorkoli $ se že v robidi naplesal!« Njega privežejo h kolu, a Kurentu dajo goslice. Kurent $ robidi naplesal!« Njega privežejo h kolu, a Kurentu dajo goslice. Kurent zagode, a vsi $ dajajte mu! Ali sem vam dejal, da ne dajajte mu!« Kurent jo je počasi $ Nikomur pa ni prišlo na um, da bi tekel za Kurentom. Kurent je šel $ pa ni prišlo na um, da bi tekel za Kurentom. Kurent je šel po $ kjer je služil mnogo let. Kar se domisli Smrt tudi Kurenta ter pride ponj. $ se domisli Smrt tudi Kurenta ter pride ponj. Reče mu: «Kurent, čas bi bil, $ te peljem k Bogu!« — »Prav imaš!« — odgovori jej Kurent: — »pa pojdi, $ jih Bogu za dar!« Smrt hoče lezti na drevo, a Kurent jo priveže z $ dobil pa s palico že za zajutrek. Ko Smrtnik obljubi Kurentu, da ga ne $ pride ponj sam lucifer, da poskusi tudi on kaj zna Kurent. Kurent ubode z $ ponj sam lucifer, da poskusi tudi on kaj zna Kurent. Kurent ubode z šivanko $ to vrlo lehko — in koj se spravi v meh. Kurent pa zašije ono $ u d i č' ves polomljen. Na to ga izpusti. Kurent pa je koval $ bilo tako srčnega hudiča, ki bi se upal iti po Kurenta. Čez nekaj let $ 'ta čotasti' (-od ital, ciotto — hrom-), da on pripelje Kurenta. Oj, kako so $ veseli, ker zopet jim je sijalo solnce upanja. Pride h Kurentu. Kurent pa govori: $ ker zopet jim je sijalo solnce upanja. Pride h Kurentu. Kurent pa govori: »Oj, $ opočiješ!« Hudič se usede ali joj: ustati ne more več. Kurent pa se smeje, $ je hudič zvijal od bolečin. Z železom mu je odžgal Kurent še drugo nogo, $ na obe nogi. Hudič je upil, prosil, klel — a Kurent se je smijal $ 'okom'? — Po mnogih letih se je naveličal življenja tudi Kurent. Nekega dne reče: $ tako močno: da s kremplji prebodejo duri skozi in skozi. Kurent pa si misli: $ hotel odpreti češ: da je na svetu počel preveč neumnosti. Kurent pa de: »Na $ pa de: »Na malo vina pa vendar vzameš od grešnega Kurenta, — a razkoračiti $ moraš če hočeš piti!« Sv. Peter vzame, se razkorači a Kurent uteče skozi 'koračo' $ no, ker sedi na — svojem!« Tako, vidite, prišel je Kurent v nebesa: sleparil",1
"ter gre proti nekemu mestu. Tam na nekem pašniku ugleda gospoda, ki je streljal",1
"še jeden berač — ki je pa bil sam Gospod Bog. Ker pa ni $ Reče mu: «Kurent, čas bi bil, da te peljem k Bogu!« — »Prav imaš!« $ na to-le jablano in utrgaj košek lepih jabolk. Poneseva jih Bogu za dar!« Smrt $ pravi: »Ooo, jaz sem na svojemu.« Sv. Peter ga zatoži Bogu, ki ga pa",1
"skozi to-le luknjico, pojdem; če ne, pa ne pojdem!« Se-ve hudiču je bilo to",0
"pa kupi vina ter gre k nebeškim vratam, a sv. Peter mu ni hotel $ Kurenta, — a razkoračiti se moraš če hočeš piti!« Sv. Peter vzame, se razkorači $ na njo ter pravi: »Ooo, jaz sem na svojemu.« Sv. Peter ga zatoži Bogu, $ Sv. Peter ga zatoži Bogu, ki ga pa pokrega: »Ej, Peter, grlo, grlo te",1
"sem sedem belih vinarjev zaslužil in jedno suknjico!« Sreča ga berač, ki mu pravi: $ zaslužil in jedno suknjico! Jeden vinar pa sem daroval potrebnemu beraču!« Se ve, da $ smejalo kar vse od kraja! No, zato pa ga nadlegujejo berači drug za drugim; $ suknjiča. Ali glej, poprosi ga za mili dar še jeden berač — ki je $ več — da mu — suknjico. Na to pa reče berač: »Ti Kurent, ti $ žepu ima niti, poleg sebe zagleda železno stolico -- a berača ne ugleda nikjer. $ za vratih zagleda na tleh suknjico, katero je daroval tistemu beraču, poskoči na njo",0
"nekem kovaču, kjer je služil mnogo let. Kar se domisli Smrt tudi Kurenta ter $ in utrgaj košek lepih jabolk. Poneseva jih Bogu za dar!« Smrt hoče lezti na $ je imel dolgo časa. Takrat ni umrl na svetu nihče. Smrt ga prosi, zdihuje, $ na kar teče domu, da se je kadilo za njo. Smrtnik (-njen mož-) pravi: $ jih je dobil pa s palico že za zajutrek. Ko Smrtnik obljubi Kurentu, da",0
"pa s kolesom, ki ga je snel od voza nekega kmeta, ki je prejšnji",1
"pa bom pazil, da se ne prikrade v bližino kakšna lisica, ki bi jo nama",0
"kaj za pod zob. Prvi je po cesti prištorkljal star pastir, ki je gnal",0
"sta dejala, »da ima vaš voz troje koles in tudi kobilica vam nekam šepa. $ vzkliknil: »Čisto pravšnja je, kot vlita zanjo.« Ko je bila kobilica podkovana, se je",1
"rekel jutra nekega je svetu,« po skupaj »Pojdiva Anže tovarišu, ki je $ denarja, da bi si kupila brašna za na pot, je Anže vtaknil v žep $ popihala iz mesta, ne da bi se poslovila od domačih: Anže s podkvijo v $ kruliti v želodcu od lakote. Drugi dan pa je rekel Anže: »Počijva malo, da $ cesti prištorkljal star pastir, ki je gnal ovce na pašo. Anže mu je zastavil $ težkim košem na rami. »Zdaj pa ti poskusi srečo,« reče Anže prijatelju, ki je $ se ni zvrnil v jarek. »Tale bo pravi,« je rekel Anže in brž potegnil $ vasice. Nazadnje, ko sta se čutila na varnem, je rekel Anže: »Le kdo je $ srečala fanta. »Kaj bi po nepotrebnem brusila pete,« je rekel Anže. »Ubogajva starčka, leziva $ mimo sova, ki je v noči lovila. »Ježešna,« je vzkliknil Anže, »piška nama je $ pred nosom ugrabila.« In tako kot sta sklenila, je bil Anže na straži, njegov prijatelj $ kar pokalo v sklepih. Ko pa se je zdanilo, je Anžeta minil strah, pa se $ je lovila gospodinja, da jo bo spekla mlatičem za kosilo. Anže in njegov prijatelj pa",0
"Tok, tok, tok je udarjalo po cesti. Bil je ubog berač z leseno nogo $ prišel do tiste dežele, ki jo vidva iščeta,« je rekel berač. »Najbolje bo, da",0
"čakala, kaj bo. Kmalu se je privila izpod mize bela kača z lepo krono $ pa so božali in gladili lepega ptička. Ko se je kača najedla, je stresla $ glave in se spet izgubila v luknjo. Brž, ko je kača izginila, je mati $ je bil pri hiši tisti rod, ki je z belo kačo prijazno in lepo",1
"majhne imela je in kmetica je Bila otroke. Hodila je na $ in je imela majhne otroke. Hodila je na polje delat, otroke pa je puščala $ vse pojedli, zato jih je mati hvalila, dn so pridni. Otroci pa so rekli: $ je z otroki. Vendar se ji je čudno zdelo, da otroci pripovedujejo o lepem",1
"krone. Dala jo je v skrinjo, kjer so imeli prejo. Ded je pozimi prejo",1
"niso bili lačni. Vselej so vse pojedli, zato jih je mati hvalila, dn so $ ne jemo sami, k nam hodi tudi lep ptiček jest. Mati si je mislila, $ lepo krono na glavi ter se zvila najmlajšemu v naročje. Mati je bila vsa $ spet izgubila v luknjo. Brž, ko je kača izginila, je mati skočila v vežo",1
"je za dediščino zapisal samo eno hišo, en polovnjak vina, mačko, kozo, srp in $ najstarejši je dobil koso, srednji srp, najmlajšemu pa sta dala mačko in se norčevala $ se starejša brata mlajšemu smejala, češ da ne more oddati mačke. Dobro! Gredo dalje $ Koliko mi daste zanjo?« »Šesto rajnišev,« pravijo vsi. Najmlajši spusti mačko na tla, mačka $ zanjo?« »Šesto rajnišev,« pravijo vsi. Najmlajši spusti mačko na tla, mačka hitro razpodi miši, $ naj vse znosijo iz hiše, okna zadelajo s slamo in mačko zaprejo v hišo. $ mačko zaprejo v hišo. Nato naj hišo zažgejo, da bo mačka zgorela. Krčmar pa $ spleza na jagned poleg hiše, kajti mislil si je: »Če mačka pride ven, me $ pride ven, me ne bo našla.« Res, hiša se vname, mački je bilo že $ je bilo zaphano okno. Skoči skozi okno in po svoji mačji navadi naravnost na $ prestrašil in padel z drevesa, ker je mislil, da gre mačka nad njega. Mačka $ se je in zbežala za svojim starim gospodarjem. Tako je mačka pribežala za svojim $ najmlajšim bratom, ki je imel zdaj šeststo rajnišev pa še mačko nazaj. Sinovi pridejo $ treba varovati grofa?« »Šesto rajnišev,« pravi grofica. Najmlajši ji da mačko, nato pa dobi $ kot da bi mi ljudi in konje jedla.« Zares požene mačko z gradu. Mačka $ pribeži za svojim gospodarjem in tako je mlajši brat dobil mačko nazaj in še",1
"Neki oče je imel 3 $ polovnjak vina, mačko, kozo, srp in enega bika. Ko je oče umrl, so sinovi",1
"dalje in pridejo do krčme, kjer so gostje ravno jedli, krčmar pa jim je $ pa prav mene pojedla.« Ko so trije bratje odšli, ukaže krčmar, naj vse znosijo $ mačji navadi naravnost na jagned, na kateri je bil naš krčmar Vrban. Ko je $ jagned, na kateri je bil naš krčmar Vrban. Ko je krčmar to videl, se",0
"da hlapcem ne bo treba varovati grofa?« »Šesto rajnišev,« pravi grofica. Najmlajši ji da $ je imel zdaj dvanajststo. Nato odidejo. Ko so odšli, se grofica spomni, da je $ razumel: konje in ljudi. Hitro je tekel nazaj in rekel grofici: »Ta stvar je $ je konje in ljudi.« »To pa ni dobro,« si misli grofica, »pa že rajši",0
"pridejo do nekega gradu pa vprašajo, kaj pri njih delajo hlapci. Grofica jim odgovori: $ brat: »Kaj mi daste, če vam dam takšno stvar, da hlapcem ne bo treba $ da je pozabila vprašati, kaj ta stvar je. Hitro pošlje hlapca za njimi, naj",1
"stvarca!« In v starih copatah, velikih kot čoln, je pridrsala čarovnica, grda kot sodni $ je vse druge nesrečnike,« tako je tarnala, ko je začula čarovnico, kako je začela $ glave, vzame muco v naročje in — ni je bilo. Čarovnica je vihala nos $ pod jasnim, zvezdnatim nebom. »Ušla mi je, pretkanka,« je zarenčala čarovnica, zajahala čarobno metlo $ mrgolela. Barica jih milo prosi pomoči in ko se zlobna čarovnica vrže iz visoke $ roke in noge, prav kot bi jo v pajčevino povili. Čarovnica je kričala in $ repom po zraku in kmalu so se dvignili vsi s čarovnico vred. Splavali so $ so bili prav nad sredino morja — čof, so spustili čarovnico v vodo, sami",0
"vso krvavo in upehano, in stopi bliže, da ji pomore. Lisica pa se ji globoko",1
"zahvalo! Kadar zatrobiš nanj, ti priteče na pomoč toliko oboroženih palčkov, da bodo vso $ je bil izročil jelen. Zdajci se dvigne izza vsake bilke malček-palček in kmalu jih $ višave na zemljo, da bi Barico ugrabila, zleze nanjo toliko palčkov kot mravelj in $ več ganiti ni mogla. »Kaj bi z njo?« so ugibali palčki, a Barica je $ vodo, sami pa so se kar vrnili domov, kjer so palčki izvolili Barico, da",1
"kateri utegne biti zanjo pač najsrečnejši, skoči iz grmovja mlad zajček preko ceste, pa $ teci, pa mi reci, katera pot bo zame najboljša?« In zajček je dejal: »Na",1
"je še ta umrla, je ostala sama s svojo mačko Mehkodlačko v tesni, napol $ in je šla dalje po beli stezici s svojo mačko Mehkodlačko. Ko ti hodi $ rog, ga skrbno shrani in se odpravi s svojo mačko Mehkodlačko naprej. Ali noč $ so palčki izvolili Barico, da jim je kraljevala, in mačko Mehkodlačko, da jim je $ devetero strani sveta. Ko je stala na razpotju s svojo muco in premišljevala, kateri $ človeku podobnega. Zdajci je obšla Barico strašna groza. Pograbila je muco in planila z $ se domisli zajčje kože, ovije si jo okrog glave, vzame muco v naročje in",1
" Barica je bila majhna, $ z njim zamahneš, priveslaš zdajci po zraku, kamor ti drago.« Barica vzame še lisičji $ palčkov, da bodo vso zemljo pokrili kot roj zelenih kobilic.« Barica vzame še rog, $ rekši, se ji zahvali za pomoč, pa hajdi svojo pot. Barica je pobrala zajčev $ oplel med vejevje in ni mogel dalje. Tudi njemu pomore Barica in jelen ji $ in namesto las ji je poganjalo ptičje perje na glavi. Barica se je izprva $ in skleda globoka kot vodnjak. Kraj peči pa je zapazila Barica kup človeških lobanj $ se je cvrlo nekaj povsem človeku podobnega. Zdajci je obšla Barico strašna groza. Pograbila $ ter jame vihteti velikanski nož: »Nasadila me bo,« se prestraši Barica ter povleče izza $ veje lomil … A že ji je bila za petami. Barica pa ne pomišlja $ jih je bilo toliko, da je kar vsa zemlja mrgolela. Barica jih milo prosi $ zlobna čarovnica vrže iz visoke višave na zemljo, da bi Barico ugrabila, zleze nanjo $ ni mogla. »Kaj bi z njo?« so ugibali palčki, a Barica je pogodila pravo. $ pa so se kar vrnili domov, kjer so palčki izvolili Barico, da jim je",1
"Barica je bila majhna, uboga deklica. Imela je le staro mamico, a ko ji",0
"se ni morda zgodila kakšna nesreča na njivi. Pravi torej graščaku, naj stopi na $ njivi. Pravi torej graščaku, naj stopi na njivo. Ko pride grašdak na njivo in $ njegovi služabniki trudijo, da bi izpulili repo, jim gre pomagat. Graščak prime za služabnika,",1
"moreta izpuliti velikanske repe. Ker tudi hlapca ni domov, pošlje graščakinja kuharico na njivo. $ listje, a vsi trije ne morejo izpuliti repe. Sedaj pošlje gospa služabnika, naj gre $ zaman, repa neče iz zemlje. Ker ni nikogar domov, začne graščakinjo skrbeti, ali se",1
gradu so nasejali njivo z repo. Sejal jo je grajski pisar. Ali glej! Iz,1
"glej! Iz tolikih zrn je zrasla ena sama repa. Grajska dekla jo je morala $ da take še niso videli. Nekega dne pošlje grajska gospa deklo, naj gre repo $ Nekega dne pošlje grajska gospa deklo, naj gre repo izpulit. Dekla gre na njivo",1
"za listje a ne moreta izpuliti velikanske repe. Ker tudi hlapca ni domov, pošlje $ njivo in vidi, da je repa še v zemlji, prime hlapca, hlapec za deklo, $ Služabnik pride na njivo in prime za kuharico, kuharica za hlapca, hlapec za deklo,",1
"izpuliti velikanske repe. Ker tudi hlapca ni domov, pošlje graščakinja kuharico na njivo. Ko $ hlapca ni domov, pošlje graščakinja kuharico na njivo. Ko pride kuharica na njivo in $ ni nikogar domov. Služabnik pride na njivo in prime za kuharico, kuharica za hlapca,",1
"a vsi trije ne morejo izpuliti repe. Sedaj pošlje gospa služabnika, naj gre gledat, $ kaj se je primerilo onim trem, da ni nikogar domov. Služabnik pride na njivo $ bi izpulili repo, jim gre pomagat. Graščak prime za služabnika, služabnik za kuharico, kuharica",1
spravili mast v orehovo lupino. Nekega dne pa je prišla miška in je vso,0
"živel je Nekoč car, ki je imel $ naj poizkusi vse, da jo ozdravi. Zdravnik pa je dejal carju: »Veličanstvo! Njena bolezen $ da je lahko videl, kaj dela zdravnik. Ta je položil carjevo hčer na mizo, $ se počuti bolje kot poprej. Ko je ozdravela, je poklical car zdravnika in mu $ mu je odgovoril: »Hočem, da umoriš mojega učenca«. Ko je car to slišal, se $ tega ne«. Zdravnik ni hotel drugega. Deček pa je dejal carju: »Veličanstvo, vidim, da $ prinesel zdravnik najmočnejšega strupa in ga je dal dečku pred carjevimi očmi. Deček pa $ Čez sedem ur je stopil zopet čil in zdrav pred carja in dejal: »Zdaj $ padajo ptice mrtve na zemljo«. Na te besede sta odšla car in zdravnik. Na $ in zdravnik. Na četrti dan se je zopet prikazal pred carjem, nalil pred njegovimi $ v steklenico nekoliko vode in jo zapečatil. Nato je dejal carju, naj pokliče zdravnika.",1
"imel je ki car, živel je Nekoč zdravnika; ta je bil $ svetu, da bi poizkusil srečo, tako je prišel tudi k zdravniku. Ko je ta $ stvari skrival pred njim, tako da je postal učen kot zdravnik in skoraj še $ ki jo je že dolgo mučil glavobol. Car je ukazal zdravniku, naj poizkusi vse, $ teh bolečin ni ni mogoče več prenašati«. Car je dal zdravniku dovoljenje; ta se $ pod tako veliko luknjo, da je lahko videl, kaj dela zdravnik. Ta je položil $ počuti bolje kot poprej. Ko je ozdravela, je poklical car zdravnika in mu je $ nočeš storiti hudega, in da imaš usmiljenje z menoj; toda zdravnik noče drugače, kot $ ker se mu je zdelo najlože, da izbere njega za zdravnika. Zaukazal je, in $ njega za zdravnika. Zaukazal je, in drugi dan je prinesel zdravnik najmočnejšega strupa in $ je dal dečku pred carjevimi očmi. Deček pa je vprašal zdravnika: »Koliko ur še $ mrtve na zemljo«. Na te besede sta odšla car in zdravnik. Na četrti dan $ vode in jo zapečatil. Nato je dejal carju, naj pokliče zdravnika. Ko je ta $ steklenico v roko, boš umrl«. In res, ko jo je zdravnik zgrabil, je padel",0
"ta česa ne navadil od njega. Živel pa je zvit deček, ki se je $ prišel tudi k zdravniku. Ko je ta videl, da je deček mutast, je dejal $ bil s tem zadovoljen, prvič, ker ni hotel, da bi deček umrl, in drugič,",1
"kot zdravnik in skoraj še bolj. Car pa je imel hčer, ki jo je $ varuj — umrje tvoja hči«. Car pa je vprašal svojo hčer, ki mu je $ zdravniku dovoljenje; ta se je zaprl s carjem in njegovo hčerko v sobo in $ je lahko videl, kaj dela zdravnik. Ta je položil carjevo hčer na mizo, jo $ dejal: »Kaj hočeš, da ti dam, ko si mi ozdravel hčer?« Zdravnik mu je",1
"dežele, ki je ležala na smrt bolna v neizmerno žalost kralja in vsega ljudstva. $ prepeljati na kraljev dvor. Tam poprosi, da ga peljejo pred kralja, ker je imeniten $ imeniten zdravnik iz tuje dežele ter hoče ozdraviti bolno kraljičino. Kralj ga je hitro",1
"sladko bodočnost. — Na vshodu je začel svitati beli dan. Vile so umolknile. Z $ on je slišal po noči, kako so se pogovarjale gorske Vile. Rekle so: »Tista kraljičina $ gotovo nas je poslušal kak črv pozemeljski!« Oglasi se neka Vila: »Da, da zares,",0
ljubljeni je umrl bratoma Dvema oče. Zapustil jima je,1
"denarja, da si ga sama razdelita na dva jednaka dela. Mlajši brat pravi starejšemu: »Pojdiva",1
"razdelita zapuščnino pred cerkvijo. Mlajši brat pa trdi svojo, no starejši prav tako svojeglavno $ bolje z u n a j cerkve, ostane vsa zapuščnina starejšemu. Šla sta iz $ le kaže kaj dobička. Ko sta ga zagledala, dejal je starejši brat mlajšemu: »Glej glej,",0
"pošteno razsoditi čudno stavo. Nista čakala dolgo, ko zagledata nekakega gospoda, ki jo je $ naravnost proti njima. Ali to ni bil zares kak posveten gospod, bil je sam $ starejši brat mlajšemu: »Glej glej, kako sva srečna! Onega le gospoda poprašava, pa bo",0
"in kratkočasijo med sabo gozdne Vile. Pogovarjale so se o kraljičini tiste dežele, ki $ brala z lica poslednjega meščana. Naš popotnik izve, da se kraljičina bori že s $ je imeniten zdravnik iz tuje dežele ter hoče ozdraviti bolno kraljičino. Kralj ga je",1
"Kdor si upa bodisi z močjo bodisi z zvijačo premagati zmaja, bo dobil ta $ bogato plačilo zraven. Vsa zemlja in ves kraj, kjer gospoduje zmaj, bo zmagovalčeva last, $ najpogumnejšega človeka je stresel mraz, če je v bližini zaslišal zmajev glas. Vendar so $ skupaj, ker v slogi je moč, in šli so nad zmaja. Vzamejo silnega bika $ kavelj in se zapne v mehko meso. Zdaj zgrabi ujeti zmaj ubogo žival z",0
rajši po bližnjih hribih in gričih. Veselo prepevaje je gnal pastir svojo čredo na $ kraju svoje življenje. Veselo petje in vriskanje zadovoljnih in brezskrbnih pastirjev se je razlegalo,1
"in odkrižati nevarnega, neusmiljenega roparja? To je bilo težko vprašanje. Poglavar je najpogumnejšemu izmed $ je nekaj pogumnih korenjakov, ki so šli na nevaren lov. Poglavar je namreč rekel:",1
"kračo. Ta pogled lisico predrami in poprosi ju za kračo. Volk in medved se $ pa reče medved volku iti po panj, da praznujejo god. Volk gre, odkoplje zemljo $ lisica zadaj. Sreča jih pes, ki je nesel kos slanine. Volku in medvedu se $ skoči in vzame slanino psu ter ne gre več dalje. Volk in medved pa $ prideta na razpotje: prvi krene na levo, drugi na desno. Volk pride do konj, $ s slanino, ki jo je bila lisica dobila v pest. Volk in medved prideta $ sira je tam. Popijva najprej sirotko in potem prigrizniva sir.« Volk jo uboga in",0
"niso dobili. Sklenili so tedaj shraniti panj za medvedov god. Medvedov god je namreč $ nazaj, da nihče ni vedel, kam je šla in zakaj. Medvedu in volku so $ odkoplje zemljo in liže med, dokler je zarja ne prežene. Medved in volk prideta $ odkoplje zemljo in liže med, dokler je zarja ne prežene. Medved in volk prideta $ odhiti zopet nazaj in ju skrije globoko v svojem brlogu. Medved in volk prideta $ iz svoje luknje, kot bi bila bogve kaj poštenega naredila. Medved in volk prideta $ obeh brlogih nejdejo kos medu. Kdo je bil zdaj tat? Medved in volk sta $ misli pokrepčati s slanino, ki si jo je prisvojila lisica. Medved je šel na",0
"prvi krene na levo, drugi na desno. Volk pride do konj, ki so se",1
" Lisica se odpravi na $ je za botro povabljena. Tovariša ji verjameta in gresta sama. Lisica pa jo odkuri $ Tovariša ji verjameta in gresta drugi dan sama na lov. Lisica pa odhiti čez $ Tovariša ji verjameta in gresta drugi dan sama na lov. Lisica pa odhiti čez $ medved ne verjame in še enkrat gresta oba v brlog. Lisica pa ta čas $ in medvedu se zdi za malo, da bi ga nadlegovala. Lisica si pa misli:»Vse $ bila storjena in volk in medved sta šla jezna narazen. Lisica pa pelje volka $ prišel do lune – sira. Ker ne odjenja, se razpoči. Lisica pa, ki je $ lovec. Zadrgne locen*, medved je ujet in ne more ganiti. Lisica pa zbeži proč",1
"sta Bila oče in mati, ki $ ni približal niti jeden ženin. To je močno jezilo mater; oče pa je klel: $ pa je na žensko radovednost. Kakor kak grof pride k očetu te ga zaprosi $ jabelko pa jej pade v pekel, kjer je zgorelo. Vsa zmočena zapre vrata ter $ njo v peklensko brezno. Na to se napravi lucifer k očetu, kateremu laže: »Moji $ imela več zlatega jabelka. Lucifer se napoti v tretje do očeta Reče mu: »Kjer $ bil silno radoveden, kaj neki nosi toliko na dom. Že hoče vzeti koš z $ li jezna, ka - li?« — de jej ter jo hoče malo poriniti, a $ In vsega tega bi ne bilo potreba, da ni bilo očetove -- kletve.",0
"in oče sta Bila mati, ki sta imela",0
"tri imela sta ki mati, in oče sta Bila hčere. Nesreča pa je $ kak grof pride k očetu te ga zaprosi za staršo hčer. Z velikim veseljem $ »Moji ženi je silno dolgočasno; pustite z mano vašo drugo hčer, dobro se ji $ dve, naj bo še tretja! Dovolite, da odpeljem še najmlajšo hčer; se malo poveselimo, $ ker nas bo lepa družba!« Hudič odpelje tako še najmlajšo hčer, ki je bila $ na hrbet ter nese proti hiši nesrečnih — — ukletih hčera. Potil je res $ hiše. Tako, vidite, je hudič zvabil v pekel tri uklete hčere, a jih znosil",1
"vrata ter teče proč. Sreča jo njen mož — — lucifer. »Kje je jabelko?« $ pahne še njo v peklensko brezno. Na to se napravi lucifer k očetu, kateremu $ jima reče: »Samo potrpita malo, pa vaji rešim!« Ko pride lucifer domu, praša jo $ zlato jabelko. Ona mu ga pomoli pred nos — in lucifer si od jeze $ gre v koš ter se pogrne. Čez nekoliko časa pride lucifer domu, zadene koš $ »Vidim vidim!« — »Če vidiš pa vidi!« — misli si lucifer ter teče dalje. $ malo poriniti, a začuti šum — slame. Še-le sedaj zapazi lucifer veliko prevaro! Pograbi",0
tri duše. Računil pa je na žensko radovednost. Kakor kak grof pride k očetu,1
"bogat je Bil kralj, ki je imel $ kakor jim je povedal mož. Skoraj zvedo, da ima tamkajšnji kralj dvanajst hčera. Napotijo $ kakor je navada pri imenitnih kraljevskih osebah, in reko: »Gospod kralj, zvedeli smo, da $ po eno hčer za ženo; sinovi smo tega in tega kralja.« Kralj je bil $ v to in to mesto, vprašaj po tem in tem kralju, ki ima dvanajst $ mu je povedal tisti stari mož in izve, kje je kraljeva palača. Sliši tudi, $ izve, kje je kraljeva palača. Sliši tudi, da je imel kralj dvanajst hčera in $ tedaj bolan, ko so šli drugi snubit. Odpravi se h kralju. Ta mu pove",1
"Ko so se drugi dan odpravljali na pot, je bil najmlajši brat bolan: dal pa $ prišla kropit svoje okamnele sestre. V tem času ozdravi doma najmlajši brat. Pogleda se v",1
"doma in pridejo do treh cest. Tam jih čaka star mož in jih vpraša: $ dalje in pridejo v tisto mesto, kakor jim je povedal mož. Skoraj zvedo, da $ kaj bi počela. Ob devetih dopoldne pride po poti star mož k njej in $ enajst bratov, ki so vsi okamneli. Potem ji reče stari mož: »Če hočeš k $ do tistih treh cest. Tam ga že čaka tisti stari mož in ga vpraša: $ Kmalu pride v mesto, kakor mu je povedal tisti stari mož in izve, kje $ sam sebi ne verjame. Ob devetih pride dekle tistega starega moža kamenje kropit. Ko $ ženinov. »Jaz sem pa dvanajsta sestra in služim pri starem možu; vsak dan moram $ mogoče rešiti ali ne.« On jo pouči, naj vpraša starega moža, ki mu služi: $ je mogoče rešiti.« Dekle gre domov. Ko se snideta z možem na samoti, ga $ in jo vpraša. Dekle mu pove, kakor ji je povedal mož, da je brate",1
"osedlajo, sedejo nanje in se odpravijo domov. Na poti reče starejši brat: »Zdaj nas je",0
kralja.« Kralj je bil takoj zadovoljen in kraljeviči se zaroče. Najmlajša kraljična pa je bila,0
"ozkih, da se ne ponesrečiš.« Najmlajši sin gre in sreča lisico. Ta ga vpraša: $ »Vsaka žival mora imeti živež na svetu, tako tudi ti, lisica.« Gre spet dalje. $ sredi jezera, a do nje ne more. Tedaj se spomni lisice, ki ji je $ spomni lisice, ki ji je dal nekoč mesa. Ročno pride lisica k njemu in",1
"tudi ti, lisica.« Gre spet dalje. Ne dolgo nato sreča volka, ki ga prosi: $ »Vsaka žival mora imeti živež na svetu, tako tudi ti, volk.« Mladenič gre dalje. $ časa mine, preden jo najde. Tam mu pride naproti tisti volk, ki mu je",1
"Ko vsi ožive, jim reče: »Takoj pojdimo dalje, da nas čarovnik ne dobi!« Pridejo $ Toliko da pridejo čez sredo vode, že prisopiha za njimi čarovnik. Toda nima več",0
"zapel. Nato je znesel jajce, iz katerega se je izvalil zmajček. Mladiček je iskal $ nasproti Košute odtrgala velikanska skala. Ta je prigrmela nad bežečega zmaja s tako silo,",1
"skal in prestrašena divjad se je razkropila na vse strani. Ptiči zbrani v jate,",1
"obdelovali, kopali so živo srebro. Na robu vasi je živel Jaka, ki je imel $ bo z njim.« »O, pa bo!« jim je veselo odgovarjal Jaka. A čeprav je $ pa bo!« jim je veselo odgovarjal Jaka. A čeprav je Jaka svojega petelina dobro $ šibak, da ni bil ničemur podoben. Nekega popoldneva sta se Jaka in petelin grela $ je prineslo staro, grbasto babo. »To je zagotovo coprnica,« pomisli Jaka. »Njo bom poprosil $ postajal čedalje bolj srborit. Nekega jutra, še preden ga je Jaka utegnil poprašiti in",1
"Na robu vasi je živel Jaka, ki je imel slabotnega petelina. Kadar so ga $ jim je veselo odgovarjal Jaka. A čeprav je Jaka svojega petelina dobro krmil, temu $ ni bil ničemur podoben. Nekega popoldneva sta se Jaka in petelin grela na soncu $ in coprnica mu za drag denar pove, kako naj hrani petelina, da bo zrasel.",1
"hišo. Mimo je prineslo staro, grbasto babo. »To je zagotovo coprnica,« pomisli Jaka. »Njo $ pomisli Jaka. »Njo bom poprosil za nasvet.« Pokliče jo in coprnica mu za drag",0
se je odtrgala polovica gore. Na plan je prilomastila velikanska pošast s sedmimi glavami,0
"živel Jaka, ki je imel slabotnega petelina. Kadar so ga sosedje videli, so zmajevali",1
"da opazili, Ste muce zelo veliko spijo? $ naslednji trenutek predejo? Mar res predejo nevidno volno? Motite se! Muce predejo naše sanje. $ so čisto majhne, druge tolikšne, da jih cvet komaj drži. Muca ve, kako izbirati",1
"naročju in hitela domov, da bi ga pokazala mami in očetu. Tako je hitela, $ se je čedalje huje. Mama jo je božala in objemala,  oče ji je $ in čez nekaj časa sta zraven nje zadremala še zaskrbljena oče in mama. A",1
"držala v naročju in hitela domov, da bi ga pokazala mami in očetu. Tako $ - glas ni in ni hotel iz njih. Nazadnje je mami potisnila v roko $ ostanek balona. Ni jokala, samo tresla se je čedalje huje. Mama jo je božala",1
"iz matematike, na kateri piše pet, in trenutek, ko te Urša pogleda s tistimi",1
"je najprej prikazala črna tačka, nato smrček, nazadnje pa je Naska z glavo odrinila $ trenutek je bila s Tašo že sredi sanj. Najprej je Naskin grobi jeziček izmil $ so se pozlatile in razsvetlile temo, ki je obdajala Tašo. Naska je pomignila s",1
"je pametna črna muca z belo liso na trebuščku. K Taši je prišla že $ pločnika, prehodi čisto ob robu ceste. Tisti dan je bila Taša zelo srečna: za $ obrnila, je zagledala velikanski avto. Drvel je naravnost proti njej. Taša je od groze",1
"naj vstane, da bo šel k maši, saj so včasih kralji in bogataši tudi",1
"ni bil kača. Šla sta v kraljevičev grad. Kralj in kraljica sta bila zelo vesela $ izbo, se je po njej že zvijala in plazila kača. Kraljica se je prestrašila",1
"bila že jezna in je sinu rekla: »Da bi postal kača, ker ne ubogaš $ odprla izbo, se je po njej že zvijala in plazila kača. Kraljica se je $ sina, dali toliko denarja, kolikor ga bo prosil. Kraljevič – kača – pa pravi:",0
"kraljevič. živel je Nekoč Mati ga je zjutraj $ naj vstane in gre k maši. Kraljevič pa ni vstal. Mati je že drugič $ v tistih časih, pa je bilo tako, da če je mati dete v kaj",0
"siromaki. Priganjala ga je, naj vstane in gre k maši. Kraljevič pa ni vstal. $ odrešil njenega sina, dali toliko denarja, kolikor ga bo prosil. Kraljevič – kača –",1
"odrešila. Vidva me ne moreta rešiti. Rešila me bo junaška Vida, ki se bo $ me bo junaška Vida, ki se bo danes rodila.« Zares, Vida je rasla, kraljevič $ kraljevič pa je bil še naprej kača. Ko je bila Vida stara štirinajst let,",1
"imenom z multimilijonar je Živel Mock-a-fellow. Imel je obširne $ neslo velikanski dobiček. Kljub vsemu svojemu bogastvu je bil pa Mock-a-fellow jako čuden človek. $ sme Tako čmerni in dolgočasni jal se sploh ni nikoli. Mock-a-fellow je dalal veliko $ svojim bosom občeval prijazno in kratkočasno, tem bolj je bil Mock-a-fellow z njim oduren $ pripravil celo k smehu. Ali zastonj je bil vsak poskus. Mock-a-fellow je bil še $ dal obesiti tablico z napisom: $5000 nagrade vsakemu, kdor milionarja Mock-a-fellowa pripravi k smehu. $ so plesali, zvijali se in peli na vse načine pred Mock-a-fellowom, a dosegli niso $ vse načine pred Mock-a-fellowom, a dosegli niso ni najmanjšega vspeha. Mock-a-fellow je grdo gledal $ somišljeniki so že obupali. Kar se nekega dne oglasi v Mock-a-fellowi palači revno oblečen $ kislo. Delavec je začel s pogumnimi in trpkimi besedami očitati Mock-a-fellowu neznosne – krivice, $ več pravic sicer bodo delavci primorani iskati jih drugim potom. Mock-a-fellow je pozorno poslušal $ in ko je delavec rekel, da hoče več pravic – Mock-a-fellow se ni mogel $ »Ha! Ha! Jaz vam bom že dal vaših pravic! Ha!« Mock-a-fellow je omahnil na $ bodete tako delali, kot ste doslej! Marš. Ha, ha!!« In Mock-a-fellow se smeje oddaljil;",0
"svojej rodbini in poslovnemu osobju. Zlasti je trpel njegov glavni poslovodja, s kterim je $ milijonar vsak dan v dotiki. Kolikor bolj se je trudil poslovodja, da bi z $ bolj je bil Mock-a-fellow z njim oduren in sirov. Toda poslovodja je bil potrpežljiv. $ še bolj razdražen in je vsakikrat ne baš nežno ozmerjal poslovodjo. Slednjič je potrpežljivemu $ je vsakikrat ne baš nežno ozmerjal poslovodjo. Slednjič je potrpežljivemu poslovodji prišlo nekaj na $ – »Ha! Ha! Ha! haaa!« donelo je po sobi in poslovodja ter ostali vslužbenci",1
"Kar se nekega dne oglasi v Mock-a-fellowi palači revno oblečen delavec. Prosi, da ga $ milijonarja. Njegovi prošnji se takoj ustreže in kmalo je stal delavec pred osornim milijonarjem, $ – usta so se širila – – in ko je delavec rekel, da hoče",1
"polnoči, verjemite ali ne, je prišlo k tistemu sodu dvanajst volkov. Dečkec seže z $ dvanajst volkov. Dečkec seže z roko iz soda, pograbi prvega volka za rep in $ je trgal z dreves in z njimi napolnil sod, toda volka ni izpustil, dokler",0
" Oče si je v $ in tudi sinu je zelo ugajal. Nekega dne je šel oče na njivo, deček",1
"je zelo ugajal. Nekega dne je šel oče na njivo, deček pa je skril $ votline nekega drevesa. Tu pa so maldi hupkači, se razveseli dečkec in spleza na $ Volk se je prestrašil in bežal in vlekel za seboj dečka v sodu. Pritekla",1
"okoli ob teh urah in v tem vremenu? je dejala lisica. - Jaz sem, $ zmrznil, nos mi že ledeni! - Ne, ne! je odgovorila lisica, če prideš noter, $ je zmešala polento in jež se je počasi, ko je lisica gledala v kotel, $ do ognjišča. - Kaj pa delaš tule? ga je vprašala lisica, obljubil si mi, $ ognja, saj te ne tikam! - Naj bo! je dejala lisica. Polenta je bila $ je pomakati polento. - Ne mi vsega pojesti, je dejala lisica, saj si brez $ si brez vsake olike! Jež je kar naprej jedel in lisica, ki se je $ doma kuhal in varoval hišo. - Ne, ne, je dejala lisica, ta hiša je $ In jež je stopil iz postelje in se je zaletel lisici med noge. Lisica",1
"in v tem vremenu? je dejala lisica. - Jaz sem, jež sem, odprimi, bodi $ ti ne bom v nadlego, usmili se me! je rekel jež. Lisica, ki je $ se je stisnil v kot. Lisica je zmešala polento in jež se je počasi, $ od vrat. - Ja, ja, obljubil sem ti, je dejal jež, pa mi je $ roke pa si ni upala stegniti v skledo. Ko je jež nehal jesti, je $ lisičino posteljo in se lepo stegnil. - Čuješ je dejal jež, jaz in ti $ spati. - Kam naj grem v tem mrazu, je dejal jež, tu je toplo $ gre, da bi živela z mano, pa se poberi! In jež je stopil iz",0
"dlaka stala pokonci kakor petelinu perje. Ustavil ga je šele volk: »Hej, kam tako $ me premagal zajec« »Dveh pa gotovo ne bo,« je menil volk. Sla sta pod $ se je postavil na zadnje noge in je videl zajca, volk pa ga ni $ postaviti. »Vidim, da ti moram pomagati,« je rekel kosmatinec, prijel volka, se postavil z $ krajev in se še do danes ni vrnil, pa tudi volkov ni več v $ vidiš tam za plotom? Mrcina, odgovori, ga vidiš ali ne?« Volk pa ni odgovoril,",0
"Oves je lepo zorel. To sta opazila tudi zajec in medved ter mnogokrat nepovabljena $ udaril po kamnu, ga skrivaj omočil in ga ponudil začudenemu medvedu pod nos: »Vidiš, $ majhna žaba, pa tak mojster. Zbežati bo treba,« je vzdihnil medved. Zajec je strigel $ spočijva.« Medved je smrčal, zajec tudi. Zajec je res spal, medved pa ne. Mislil $ a zajčeve oči so vse bolj buljile. Naposled se je medved ojunačil in zbežal, $ pa ni odgovoril, ne zdaj, ne potem, ko ga je medved izpustil iz objema: $ več v naših gozdovih, kajti poslednjega je do smrti stisnil medved, ko mu je $ hodila v goste. Nekega večera sta se srečala v ovsu. Medved je zarenčal nad $ stisnil, da bo pritekla voda iz njega, tistega bodi oves!« Medved je zdrobil kamen $ sva, pojdiva na onile hribček k plotu in se spočijva.« Medved je smrčal, zajec $ je menil volk. Sla sta pod klanec gledat junaka zajčka. Medved se je postavil $ tako krepko ga je stisnil, da je bilo po njem. Medved je izbuljil oči,",0
"pogorišču oves. Oves je lepo zorel. To sta opazila tudi zajec in medved ter $ je zarenčal nad dolgouhcem: »Poberi se odtod, oves je moj!« Zajec je pomigal z $ hrana mi tekne!« Tako oblastno besedičenje je debeluhu zaprlo sapo, zajec pa je nadaljeval: $ onile hribček k plotu in se spočijva.« Medved je smrčal, zajec tudi. Zajec je $ da se mu nudi ugodna priložnost za beg. Pogledal je zajca in opazil, da $ oh, skoraj bi bilo po meni, skoraj bi me premagal zajec« »Dveh pa gotovo $ Medved se je postavil na zadnje noge in je videl zajca, volk pa ga $ junak, da še ni po meni, ko sem vendar z zajcem govoril in še $ je do smrti stisnil medved, ko mu je hotel pokazati zajca. Zato pa pri $ krempljev so mu švigale iskre, a voda le ni pritekla. Zajec je udaril po $ žaba, pa tak mojster. Zbežati bo treba,« je vzdihnil medved. Zajec je strigel z $ k plotu in se spočijva.« Medved je smrčal, zajec tudi. Zajec je res spal, $ bo,« je menil volk. Sla sta pod klanec gledat junaka zajčka. Medved se je",1
"spanju je vdihaval prijetni vonj, potem pa zavzdihnil in zašepetal: »Mama!« Ko je odprl $ »Ko sem bil majhen in nisem mogel zaspati, mi je mama skuhala kamilice.« »Meni $ in se znašla v sončnem dnevu, kjer je otrok z mamo obiral dišeče kamilice.",1
"ni videl nihče drug. Na drugem koncu vasi je živel starec. Sonja se je $ hiše, pa tudi vaščani niso imeli radi opraviti z njim. Starec je največkrat sedel $ smer - kot da bi te ošte¬val. Lepega dne pa starca ni bilo več",0
"Pred mnogimi mnogimi leti je v neki vasi živela deklica Sonja. Imela je čudovite $ modre oči, ki so bile nekaj posebnega. Če jih je Sonja priprla in postrani $ pod strop hišice in od tam strmoglavil na sredo izbe. Sonja je kar skozi",1
"»da boš pomagala mnogim ljudem. Odslej te bom klical kar Spominčica.« ln ko je $ ki znajo videti spomine. Njihov vonj me bo spominjal nate.« Spominčica je odrasla in $ pomlad spomnijo svetlomodre cvetlice. In če ti kdo podari šopek spominčic, te ima zares",1
sobi in sredi traku. V črnini traku se je izrisala bolna gospa in ob njeni,0
"poroki. Vsi so se veselili: plesali so in peli, le bled mladenič s starčevimi potezami",0
naslednji potegnil vase. Zdaj je stala ob razbeljeni tovarniški peči. Utrujen moški je metal premog,0
"dne spet žaloval za izgubljeno mladostjo, se mu je prikazala vila z Menine planine $ v gozd, kjer je izviral čudežni studenec. »Pij!« je velela vila, kos ta prispela $ na cilj. Starček se je sklonil in pil, dokler ni vila spet spregovorila: »Zdaj $ vila spet spregovorila: »Zdaj prejenjaj! Zadosti si pil!« Takrat je vila izginila, drvar pa",1
"ubog živel je planino Menino pod vasi majhni V drvar, ki je imel $ spregovorila: »Zdaj prejenjaj! Zadosti si pil!« Takrat je vila izginila, drvar pa se je $ dokler se ni pomladila v dojenčka... Kaj bi zdaj mladi drvar s takšno ženo,",1
"postaral in ni bil več tako spešen, je gladoval z ostarelo ženo vred. Ko je $ spoznala! Povedal ji je, kaj je doživel pri čudežnem studencu. Žena pa je silila $ oženil. In njegova druag žena je zibala dete - drvarjevo prvo ženo... Ko so ljudje",0
in odšel domov. A kmalu se je oženil. In njegova druag žena je zibala dete,1
"in je se Zvečerilo — Sanja je morala v $ luč in ji zaželela lahko noč. Potem so vsi trije, Sanja, Mihec in Nina, $ pogledali skozi okno v temno noč. — »Joj,« je vzkliknila Sanja, »danes pa pol $ jo moramo najti in popraviti.« »Ampak, kako?« se je začudila Sanja. »Najbrž,« se je $ »jo bo vrnil?«. »O ne, ne bo je,« je rekla Sanja, »sami jo moramo",1
"in Sanja je morala v posteljo. K sebi je stisnila Mihca in Nino, dvojčka $ in ji zaželela lahko noč. Potem so vsi trije, Sanja, Mihec in Nina, pogledali $ Sanja, »danes pa pol lune manjka! Poglejta!« »Res,« je rekel Mihec, »luna je vendar $ »luna je vendar okrogla!« Nina je pokimala. Ker je bil Mihec njen dvojček, sta $ na kar na jok, in če ne bi bilo navihanega Mihca, bi bila zjutraj $ kako?« se je začudila Sanja. »Najbrž,« se je domislil prebrisani Mihec, »aha, najbrž jo",1
"je morala v posteljo. K sebi je stisnila Mihca in Nino, dvojčka iz cunj, $ zaželela lahko noč. Potem so vsi trije, Sanja, Mihec in Nina, pogledali skozi okno $ manjka! Poglejta!« »Res,« je rekel Mihec, »luna je vendar okrogla!« Nina je pokimala. Ker $ otrok in gleda, ali pridno spijo,« je sedaj rekla še Nina. »Torej jo moramo $ in jo odnesel s seboj.« »Kaj misliš,« je žalostno vprašala Nina, »jo bo vrnil?«.",1
"služil je leta Dolga Nace pri stricu za $ bilo tiste čase pri hiši, je bil nam mestnim otrokom Nace, vzor in vzgled $ odvrnila, da je moja srčna želja, da postanem nekoč hlapec Nace. Res, za veliko $ in jih odnašala v gnezdo na orehu, da je ubogi Nace moral plezati ponje. $ ponje. Takrat smo vsi, kar se nas je gnetlo okrog Naceta, slepo verjeli v $ ust. S kakšnim spoštovanjem smo se v nedeljskih popoldnevih, ko Nace ni imel opravka, $ na njej. O, čudovit je bil takrat zame ta borni Nacetov kotiček pod s $ je tako prijetno zaudarjalo po gnoju in potu živali! Pisati Nace ni znal, menda $ jih ni pozabil, ko smo ga ob letu znova spraševali: »Nace, kako pa ─ $ ne, mestne frkolinke! Če se je stric kdaj razjezil nad Nacetom, smo bili vselej $ in znali. Nekoč, ko smo se otroci sami peljali z Nacetom v oddaljeni kraj $ konji in nas s kočijo vred zvrnili v obcestni jarek. Nace je skušal zaustaviti $ posipaval cesto, nam je prišel v pomoč, da smo nezavestnega Naceta zvlekli pod kozolec, $ kočijo, brez zdravil in konj, smo skušali pri stricu opravičiti Naceta: »Nace je junak,« $ brez zdravil in konj, smo skušali pri stricu opravičiti Naceta: »Nace je junak,« smo $ dal zapreči koleselj in se je kmalu vrnil z obvezanim Nacetom. Tudi konje so $ jo je tako lepo popravil šentjernejski kolar. Kar koli je Nace napravil, je bilo $ ko pa le ni odjenjala še naslednji dan, sem poiskala Naceta, da bi mi $ V luknji hlevskega zidu je gnezdila sova. To je iztaknil Nace in ko je $ je stara odletela po hrano za svoje mladiče, ji je Nace zazidal z vhod $ je vse zagomazelo od studa in jeze: »Sram vas bodi, Nace! Kaj ste storili!« $ za mlade sove sem stala kraj lestve, medtem ko je Nace s kladivom razbijal $ ob zid, zdaj malo više nad mestom, kjer je razbijal Nace. Ko je razgrebel",1
"ni znal, menda tudi brati ne. Vendar smo ga mi otroci naučili nekaj francoskih $ stric kdaj razjezil nad Nacetom, smo bili vselej tudi mi otroci bridko prizadeti zanj. $ zagovarjati, kot smo vedeli in znali. Nekoč, ko smo se otroci sami peljali z",1
"steljo! Vsakega ptička, ki sva ga z grma prepodila, vsakega metulja, katere sem tiste",1
"ko je grebel po zemlji. Ujel je zame mladega divjega zajčka s polja, prinesel",1
"divjega zajčka s polja, prinesel iz hoste ježa in udomačil srako, ki je v",1
"kar se nas je gnetlo okrog Naceta, slepo verjeli v čarovnice in divjega moža;",0
"nas je gnetlo okrog Naceta, slepo verjeli v čarovnice in divjega moža; tudi v belo",0
"slepo verjeli v čarovnice in divjega moža; tudi v belo kobilo, ki je skakala",1
"pri Nace služil je leta Dolga stricu za hlapca. Opravljal $ češ ne boste me ne, mestne frkolinke! Če se je stric kdaj razjezil nad $ nezavestnega Naceta zvlekli pod kozolec, sami pa smo odhiteli klicat strica, ki je bil $ za razbito kočijo, brez zdravil in konj, smo skušali pri stricu opravičiti Naceta: »Nace $ je s poudarkom odvrnil. »Ni jih škoda, če poginejo.« »Po strica grem in mu",1
"z zevajočo rano sredi čela, obležal v ogonih njiv. Nek cestar, ki je v",1
"dosti poznala škoda, ker jo je tako lepo popravil šentjernejski kolar. Kar koli je",1
"se z glavo zaletavala obenj. Spoznala sem, da je bila sova. »Le kaj neki $ sprva nisem dosti brigala zanjo, kajti vedela sem, da je sova roparica, ki zasleduje $ napravil ta grdi babjevernik! V luknji hlevskega zidu je gnezdila sova. To je iztaknil $ mladiče, ji je Nace zazidal z vhod v votlino. Uboga sova se je dva $ razbijal omet. Strjeni kosci apna so frčali naokrog in stara sova se je še",0
"s je se Očka Sanjo in njenim bratcem $ se skoraj nikoli nista ločila, bi Nina včasih rada imela Sanjo samo zase, da $ mu uspelo. »Pazi, da ne padeš, « mu je zaklicala Sanja. »Seveda, zelo pazi! $ držal v naročju. Mihec in Nina sta se stiskala k Sanji in mižala od $ je mamica koleno obvezala in rekla, da ni nič hudega. Ampak Sanji in cunjastima dvojčkoma $ povedal. Potem sta dvojčka vsak s svoje strani nekaj zašepetala Sanji v uho. In $ imamo zate,« je s sladoledom v roki kmalu pritekla nazaj Sanja. Z drugo roko $ bosta čuvala, dokler se spet ne vrnem? « je vprašala Sanja. »Bova! « sta $ strinjala, »zdaj pa mu zapojva uspavanko! « Ko se je Sanja vrnila, je njen",1
"na pomladanski izlet. Seveda sta šla zraven tudi cunjasta dvojčka Mihec in Nina. Čeprav $ Sanjo samo zase, da bi se sami igrali s punčkami. Mihec pa bi včasih $ je zaklicala Sanja. »Seveda, zelo pazi! « je prikimala Nina, Mihec pa ga je $ da ga je vso pot do avta držal v naročju. Mihec in Nina sta $ tudi igrati ni smel, s kolenom je moral popolnoma mirovati. Mihec je prijel Nino $ nazaj Sanja. Z drugo roko je za drobceno roko držala Mihca, ta pa Nino, $ Sedela sta na robu blazine in ga od blizu opazovala. Mihec je z dlanmi $ »Saj se bova večkrat igrala z njim? « je rekel Mihec in zaupljivo prijel $ da je ne bi prebudila, je s seboj vzela Nino, Mihca pa do jutra",1
"izlet. Seveda sta šla zraven tudi cunjasta dvojčka Mihec in Nina. Čeprav se skoraj $ Mihec in Nina. Čeprav se skoraj nikoli nista ločila, bi Nina včasih rada imela $ mu je zaklicala Sanja. »Seveda, zelo pazi! « je prikimala Nina, Mihec pa ga $ je vso pot do avta držal v naročju. Mihec in Nina sta se stiskala $ smel, s kolenom je moral popolnoma mirovati. Mihec je prijel Nino za roko in $ drugo roko je za drobceno roko držala Mihca, ta pa Nino, ki se je $ blizu opazovala. Mihec je z dlanmi zaslonil usta in rekel Nini na uho: »Brez $ « »In vse bo v najlepšem redu, « je pomežiknila Nina. Takrat je v $ igrala z njim? « je rekel Mihec in zaupljivo prijel Nino za roko. »Prav, $ in zaupljivo prijel Nino za roko. »Prav, « se je Nina strinjala, »zdaj pa $ Nežno, da je ne bi prebudila, je s seboj vzela Nino, Mihca pa do",1
"na pisano pobarvanih plezalih. Zdaj ga je lahko samo gledal. Bratec se še nikoli $ Sanji v uho. In vsi trije so skupaj odšli ven. Bratec, ki je ostal $ klepetanje prijateljčkov, ki so nestrpno čakali, da ga lahko obiščejo. Bratcu je bilo prijetno,",0
"je na tla in si poškodoval koleno. »Joj, se je očka prestrašil, »Takoj gremo",1
"sušile. Otroci so hiteli na dvorišče. Njihovemu vrišču so prisluhnila Sanja in njena cunjasta $ Počakati moramo, da se mamica in očka vrneta,« je rekla Sanja. »Pojdimo,« je predlagala $ vedela, ne bosta, da smo bili zunaj.« »Prav,« je rekla, Sanja, »samo če me $ zapodila za njim. »Takoj sem, poredneža!« ju je strogo poklicala Sanja. »Kaj smo se $ igrajmo!« » Ne, to je pa preveč,« se je ujezila Sanja. » Komaj smo $ ne bomo šli, ker sta packa in poredneža,« je rekla Sanja. Prijela je za",1
"dvorišče. Njihovemu vrišču so prisluhnila Sanja in njena cunjasta dvojčka, Nina in Mihec. »Pojdimo $ in očka vrneta,« je rekla Sanja. »Pojdimo,« je predlagala še Nina. »Saj bomo hitro $ zapodil naravnost v lužo, ki je sonce še ni posušilo. Nina se je seveda $ v pesek: »Tu se igrajmo!« Takoj se je ustavila še Nina in se s $ ne grem,« je zacepetal Mihec. »Jaz tudi ne,« je zacepetala Nina. »V pesku se $ trmasto nadaljeval Mihec. »Krasno, potem pa na potep!« je vzkliknila Nina. »Nikakor se ne $ rekla Sanja. Prijela je za ušesa najprej Mihca, potem še Nino in ju odpeljala $ otroci ne ubogajo. Zunaj je sonce posušilo že vse luže, Nina in Mihec pa",0
"vrišču so prisluhnila Sanja in njena cunjasta dvojčka, Nina in Mihec. »Pojdimo še mi $ dvojčka, Nina in Mihec. »Pojdimo še mi ven,« je predlagal Mihec. »Ne smemo. Počakati $ dvorišče. Komaj sta stopila skozi vhodna vrata, se je že Mihec zapodil naravnost v $ strogo poklicala Sanja. »Kaj smo se zmenili? Lepo se vedita!« Mihec se je brž $ da gremo na sprehod?« »Jaz že ne grem,« je zacepetal Mihec. »Jaz tudi ne,« $ bova igrala, potem greva pa na potep.« je trmasto nadaljeval Mihec. »Krasno, potem pa $ in poredneža,« je rekla Sanja. Prijela je za ušesa najprej Mihca, potem še Nino $ ubogajo. Zunaj je sonce posušilo že vse luže, Nina in Mihec pa sta morala",0
časi in zelo zelo daleč je na velikanskem svetu živela babica. Bila je res $ neroden in je vedno kaj podrl. Vse dopoldne si je babica veselo žvižgala in $ skupaj letelo po zraku. Prav tedaj je v kuhinjo vstopila babica. Hitro je skočila,1
"drugega, Ampak še vedno je bila precej precej manjša od dedka in vnučkov. Odločila $ pladenj. En sam samcat krof je padel na tla. Ojoj! Dedek je pohlevno zlezel $ pa tvoj,« mu je rekla in ga potisnila skozi vrata. Dedek je vzel še",1
"še vedno je bila precej precej manjša od dedka in vnučkov. Odločila se je, $ dedka in vnučkov. Odločila se je, da bo za te vnučke nekega dne naredila $ velik. Ko se je zvečerilo, so dedka in babico obiskali vnučki. Najedli so se",1
"Prigodi se, da pride tam mimo nekega lepega dne sam kralj tiste dežele. Ko $ tako tja v dan kakor božji volek!« Na to sporoči kralj našemu mlinarju po $ jednem svojem ministru, da mora priti v jedneni mesecu na kraljev dvor in odgovoriti $ je od zemlje do nebes? — 3. koliko je vreden kralj in 4. kaj $ nebes? — 3. koliko je vreden kralj in 4. kaj kralj misli? — — $ kralj misli? — — Ako pa mlinar ne pride h kralju v določenem času, $ bile nikake šale za našega mlinarja. Kaj vendar hoče odgovoriti kralju na taka uprašanja? $ svoje težave in skrbi. Kuhar upraša, da-li ga morda pozna kralj po licu? »Menil $ kuhar z radostnim glasom: »Prava reč! pojdem pa jaz do kralja, da odgovorim jaz $ kuhar za »gospoda Mlinarja« ter se pelje v mesto do kralja. Kralj je koj $ nebes največ tri ure.« Možka je bila ta, da je kralj čude se kar $ je kralj čude se kar uprašal dalje: »Koliko je vreden kralj?« Kuhar pa modruje: $ manj, to je devet in dvajset.« Kaj je mogel reči kralj na toli umen $ je toliki bistroumnosti ter dal še četrto uprašanje: »Kaj neki kralj misli v tem",0
"bil je tako imovit, da si je naročil celo izučenega kuharja iz mesta. Mlini $ kaj gosposkega, naročil si je v mestu ročnega in izučenega kuharja, ki je 'gospodu' $ dan, mlinarjev trebuh je crknil!« Le-to spremembo je zapazil tudi kuhar. Nekega dne mu $ licu? »Menil bi da ne« odgovori mlinar. Na to de kuhar z radostnim glasom: $ zopet jel prevzetno dvigati svojo ogromnost. Nekega dne se preobleče kuhar za »gospoda Mlinarja« $ gospod Mlinar, kar pa ni res: jaz sem le njegov kuhar.« Kralj in vsi $ sedaj naprej ti 'gospod Mlinar', a on naj bode tvoj kuhar!« In odpustil ga $ ga je z veliko milostjo. Kako sta se potem poravnala kuhar in mlinar, tega",1
"nekedaj je Živel mlinar, ki je bil $ je bilo res pravo veselje gledati le-to hrupno življenje. Oče mlinar pa se ni $ letih svojega lenuharstva. No nekdaj je bilo vse drugače! Reven mlinarček je mlel od $ se mu je jela smejati kaj prijazno in vabljivo, a mlinarček je bil sila $ še jeden težak kamen, ki je mlel ljudem žito, našemu mlinarčku pa svitle novce $ pomagačev, katerim je po malo in po malo prepustil vsa mlinarska opravila, sam pa $ je v mestu ročnega in izučenega kuharja, ki je 'gospodu' mlinarju kuhal in cvrl $ 'gospodu' mlinarju kuhal in cvrl jedil, da se je 'gospod' mlinar oblizaval vedno z $ Kuhar je bil tudi zelo šaljiv človek, da je 'gospod' mlinar prežil poleg njega $ v dan kakor božji volek!« Na to sporoči kralj našemu mlinarju po jednem svojem $ kralj in 4. kaj kralj misli? — — Ako pa mlinar ne pride h $ — izgubi glavo. To niso bile nikake šale za našega mlinarja. Kaj vendar hoče $ pomagal — misliti. Zaman! Bog ni hotel pomagati ter rešiti mlinarja preteče smrtne nevarnosti. $ ter si šepetali: »jezesa jezesa! sodnji dan bo, sodnji dan, mlinarjev trebuh je crknil!« $ verdarle kaj pomoči, ali vsaj svetovati kaj pametnega. Konečno mu mlinar pove svoje težave $ morda pozna kralj po licu? »Menil bi da ne« odgovori mlinar. Na to de $ z veliko milostjo. Kako sta se potem poravnala kuhar in mlinar, tega ne vemo. $ v mnogočem od omenjene novele, ali bitstvo je tisto, celo mlinar igra v obeh",1
