je privila izpod mize bela kača z lepo krono na glavi,1
"lepega ptička. Ko se je kača najedla, je stresla lepo kronico",1
"v luknjo. Brž, ko je kača izginila, je mati skočila v",1
"rod, ki je z belo kačo prijazno in lepo ravnal.",1
"kmetica in je imela majhne otroke. Hodila je na polje delat,",1
"Hodila je na polje delat, otroke pa je puščala doma ter",1
"mati hvalila, dn so pridni. Otroci pa so rekli: - Saj",1
"ji je čudno zdelo, da otroci pripovedujejo o lepem belem ptičku.",1
"skrinjo, kjer so imeli prejo. Ded je pozimi prejo vil. Vso",1
"vse pojedli, zato jih je mati hvalila, dn so pridni. Otroci",1
"hodi tudi lep ptiček jest. Mati si je mislila, da prihaja",1
se zvila najmlajšemu v naročje. Mati je bila vsa trda od,1
"ko je kača izginila, je mati skočila v vežo in spravila",1
"močjo bodisi z zvijačo premagati zmaja, bo dobil ta stolp in",0
"in ves kraj, kjer gospoduje zmaj, bo zmagovalčeva last, če je",0
če je v bližini zaslišal zmajev glas. Vendar so morali poskusiti,0
"moč, in šli so nad zmaja. Vzamejo silnega bika in močan,",0
"mehko meso. Zdaj zgrabi ujeti zmaj ubogo žival z ostrimi kremplji,",0
"gričih. Veselo prepevaje je gnal pastir svojo čredo na pašo, toda",1
in vriskanje zadovoljnih in brezskrbnih pastirjev se je razlegalo po prijaznih,1
To je bilo težko vprašanje. Poglavar je najpogumnejšemu izmed svojih hlapcev,1
so šli na nevaren lov. Poglavar je namreč rekel: Kdor si,1
pa zaklenili njo in eno mačko; samo lino so ji odprto,0
"vselej, ko nogo vzdigne, skoči mačka na lino in začne tako",0
"Zato ne pusti, ker ima mačka v repu devet peklenskih vragov,",0
"vsi s pasjeglavci zmenjeni. Daj mački kos mesa, in kadar ga",0
"po njegovem svetu: dala je mački mesa, ji v hipu odrezala",0
"doli po zidu, vidi kosorepo mačko počasi in klavrno lesti po",0
"vršičkom dotikalo strehe, in videč mačko po drevesu priti do tal,",0
"domov in zagledajo kosorepo krvavo mačko. Brž uganejo, kaj je to,",0
bi še kdaj prišla k očetu domov. Večkrat je mislila skozi,1
"mlada? jo nagovori dedec. K očetu bi šla rada, pravi deklica.",1
ona pritekla že blizu do očetovega doma. Oče njen je imel,1
"je klicala ter klicala, pa očeta ni bilo in že je",1
"sekiro, ki jo je bil oče ravno prejšnji dan nasadil, in",1
"prvemu. Ko je drugo jutro oče kovač prišel žalosten domov, je",1
"Tačas, ko so bili še pasjeglavci po teh krajih, je plela",0
"žive duše in le včasih pasjeglavce, ki so na noč zahajali",0
"vragov, ki so vsi s pasjeglavci zmenjeni. Daj mački kos mesa,",0
Noč se je bila storila; pasjeglavci pridejo domov in zagledajo kosorepo,0
pride: Morda bi me zasledili pasjeglavci in še huje bi mi,0
"naredi, kar zasliši zunaj govoriti pasjeglavce. Po sledu so bili za",0
sama noter prišla. Kmalu izvohajo pasjeglavci to luknjo in eden prikaže,0
"na klopi v kovačnici dvanajst pasjeglavcev, ki jih je hči pobila.",0
"je plela neki dan lepa deklica sama na njivi. Kar zagleda,",1
na kateri smreki čepi skrita deklica. Bodli so torej s svojimi,1
jo izruvali; tako jim je deklica prišla v pest. Zaprli so,1
"brusiti kremplje, da je bilo deklico strah. Nekoč posebno močno joka",1
"očetu bi šla rada, pravi deklica. Kako boš šla, ali ne",1
"mož dejal in izginil, da deklica ni vedela ne kdaj ne",1
sled in teče za ubežno deklico. Medtem je bila ona pritekla,1
"ti je mlada? jo nagovori dedec. K očetu bi šla rada,",1
"pasjeglavski grad nima vrat? reče dedec. Vem, ali jaz bi šla",1
"perje. Ustavil ga je šele volk: »Hej, kam tako hitro, saj",0
"gotovo ne bo,« je menil volk. Sla sta pod klanec gledat",0
"noge in je videl zajca, volk pa ga ni videl, ker",0
"pomagati,« je rekel kosmatinec, prijel volka, se postavil z njim na",0
"danes ni vrnil, pa tudi volkov ni več v naših gozdovih,",0
"odgovori, ga vidiš ali ne?« Volk pa ni odgovoril, ne zdaj,",0
sta opazila tudi zajec in medved ter mnogokrat nepovabljena hodila v,0
"omočil in ga ponudil začudenemu medvedu pod nos: »Vidiš, buča, ti",0
"Zbežati bo treba,« je vzdihnil medved. Zajec je strigel z ušesi",0
"tudi. Zajec je res spal, medved pa ne. Mislil je, da",0
"bolj buljile. Naposled se je medved ojunačil in zbežal, da so",0
"ne potem, ko ga je medved izpustil iz objema: kajti tako",0
"poslednjega je do smrti stisnil medved, ko mu je hotel pokazati",0
sta se srečala v ovsu. Medved je zarenčal nad dolgouhcem: »Poberi,0
"iz njega, tistega bodi oves!« Medved je zdrobil kamen v prah.",0
"k plotu in se spočijva.« Medved je smrčal, zajec tudi. Zajec",0
pod klanec gledat junaka zajčka. Medved se je postavil na zadnje,0
"da je bilo po njem. Medved je izbuljil oči, ko je",0
zorel. To sta opazila tudi zajec in medved ter mnogokrat nepovabljena,1
"se odtod, oves je moj!« Zajec je pomigal z ušesi in",1
"besedičenje je debeluhu zaprlo sapo, zajec pa je nadaljeval: »Buča, meniš,",1
"se spočijva.« Medved je smrčal, zajec tudi. Zajec je res spal,",1
"priložnost za beg. Pogledal je zajca in opazil, da ima odprte",1
"meni, skoraj bi me premagal zajec« »Dveh pa gotovo ne bo,«",1
"zadnje noge in je videl zajca, volk pa ga ni videl,",1
"meni, ko sem vendar z zajcem govoril in še celo poleg",1
ko mu je hotel pokazati zajca. Zato pa pri nas še,1
"a voda le ni pritekla. Zajec je udaril po kamnu, ga",1
"bo treba,« je vzdihnil medved. Zajec je strigel z ušesi in",1
"Medved je smrčal, zajec tudi. Zajec je res spal, medved pa",1
sta pod klanec gledat junaka zajčka. Medved se je postavil na,1
smrt bolna v neizmerno žalost kralja in vsega ljudstva. Ozdraviti pa,1
"poprosi, da ga peljejo pred kralja, ker je imeniten zdravnik iz",1
ter hoče ozdraviti bolno kraljičino. Kralj ga je hitro pustil do,1
je začel svitati beli dan. Vile so umolknile. Z veselim in,0
kako so se pogovarjale gorske Vile. Rekle so: »Tista kraljičina je ozdravela;,0
"črv pozemeljski!« Oglasi se neka Vila: »Da, da zares, previdne bodimo!",0
Dvema bratoma umrl je ljubljeni oče. Zapustil jima je precejšnjo svoto,1
"razdelita na dva jednaka dela. Mlajši brat pravi starejšemu: »Pojdiva v cerkev,",1
"brat pa trdi svojo, no starejši prav tako svojeglavno svojo. Skregala",0
"j cerkve, ostane vsa zapuščnina starejšemu. Šla sta iz mesta proti",0
"sta ga zagledala, dejal je starejši brat mlajšemu: »Glej glej, kako sva",0
"čakala dolgo, ko zagledata nekakega gospoda, ki jo je kaj naglo",0
"ni bil zares kak posveten gospod, bil je sam z 1",0
"kako sva srečna! Onega le gospoda poprašava, pa bo mir besedij;",0
"Vile. Pogovarjale so se o kraljičini tiste dežele, ki je ležala",1
"Naš popotnik izve, da se kraljičina bori že s smrtnim angeljem.",1
dežele ter hoče ozdraviti bolno kraljičino. Kralj ga je hitro pustil,1
"je snel od voza nekega kmeta, ki je prejšnji večer pripeljal",1
"ne prikrade v bližino kakšna lisica, ki bi jo nama pred nosom",0
"je po cesti prištorkljal star pastir, ki je gnal ovce na",0
voz troje koles in tudi kobilica vam nekam šepa. Lahko vam,1
"vlita zanjo.« Ko je bila kobilica podkovana, se je lotil še",1
"svetu,« je nekega jutra rekel Anže tovarišu, ki je delal pri",0
"brašna za na pot, je Anže vtaknil v žep staro podkev,",0
"bi se poslovila od domačih: Anže s podkvijo v žepu, njegov",0
"Drugi dan pa je rekel Anže: »Počijva malo, da se nama",0
"je gnal ovce na pašo. Anže mu je zastavil pot, privlekel",0
"pa ti poskusi srečo,« reče Anže prijatelju, ki je bil zavalil",0
"»Tale bo pravi,« je rekel Anže in brž potegnil iz žepa",0
"čutila na varnem, je rekel Anže: »Le kdo je tisti norec,",0
"nepotrebnem brusila pete,« je rekel Anže. »Ubogajva starčka, leziva v travo",0
"noči lovila. »Ježešna,« je vzkliknil Anže, »piška nama je ušla prav",0
"kot sta sklenila, je bil Anže na straži, njegov prijatelj pa je",0
"pa se je zdanilo, je Anžeta minil strah, pa se je z",0
bo spekla mlatičem za kosilo. Anže in njegov prijatelj pa sta z,0
po cesti. Bil je ubog berač z leseno nogo in njega,0
"jo vidva iščeta,« je rekel berač. »Najbolje bo, da kar precej",0
"ne maram, pa bi vzela ježa! se oglasi najstarejša zaničljivo. -",1
se deček spremeni v ježka. Jež pa nima mesta pri hiši.,1
"tudi on mesiti. -Beži no, ježek! Pravi mati nejevolna. V tistem",1
"priliki. Komaj mati reče sinu ježek, že se deček spremeni v",1
že se deček spremeni v ježka. Jež pa nima mesta pri,1
"pri hiši. Zato je tudi ježek-Janček odšel v gozd, tam si",1
"hruško. Grof počiva pod hruško, ježek-Janček pa si prične lepo žvižgati.",1
"žvižgati. - Kaj pa ti, ježek? ga vpraša grof. Zakaj si",1
"Lahko sem vesel, mu odgovori ježek-Janček, ker dobro vem, da vi",1
ni mogel iz velikega gozda. Ježek mu pokaže pot prav do,1
prav do doma. Drugi dan Janček-ježek že navsezgodaj pred grofov grad.,1
Dobro jutro! Dobro jutro! kriči Janček-ježek pred gradom. Po plačilo sem,1
"kaj naj napravijo, če pride ježek. Zato hitro zapro grajska vrata,",1
kaj bo sedaj počel revček ježek. Na grajskem dvorišču se je,1
"se ustraši in zleti z ježkom vred na okno, pri katerem",1
"gospodične grofičice, se oglasi zdaj ježek na oknu s korajžnim glasom.",1
"sede na voz, vzame ženina Jančka-ježka na krilo in tako se",1
pa stopijo pred oltar se ježek-Janček strese in pri priči spremeni,1
se je sprehajal velik petelin. Ježek-Janček to vidi in mu skoči,1
 Mati mesi kruh. Mali Janček vedno,1
"mesiti. -Beži no, ježek! Pravi mati nejevolna. V tistem času pa",1
"tudi ob tej priliki. Komaj mati reče sinu ježek, že se",1
"pa se, da gre nekoč grof na lov in zablodi v",0
"sede prav pod ježevo hruško. Grof počiva pod hruško, ježek-Janček pa",0
"pa ti, ježek? ga vpraša grof. Zakaj si tako vesel? -",0
"bi vzela ježa! se oglasi najstarejša zaničljivo. - Kralja čakam, de druga",0
"ženitev, prepusti ga meni, pravi najstarejša najmlajši sestrici nevesti. - Jaz",0
"zaničljivo. - Kralja čakam, de druga in se smeje. - Jaz",0
"ti si še otrok, pristavi druga. Janček pa vesel objame svojo",0
"si rešil mojega očeta, pravi najmlajša. Grof zapreže v najlepši voz",1
"Malemu Jožku se je sanjalo, da vidi",1
"bom vjel muho,« je silil Joško. »Jih znam sama bolje loviti,",1
"ne poreden,« se je branil Joško. »Kdo je bil pa včeraj",1
"kdo?« se je smejala lastavica. Joško je napravil majhno šobo, zameril",1
"lastavica. Zdaj je bilo pa Jošku preveč Namršil je obrvi, jezno",1
postajale vedno večje ... Toda Joško je kmalu videl samo še,1
"pogoltniti. In — — — Joško se je prebudil, ves trd",1
"poigrala!« »Ne grem,« je rekla lastavica. »Ti bom vjel muho,« je",0
"loviti, kakor ti,« je odgovarjala lastavica. »Pojdi!« »Ne grem.« »Zakaj pa",0
"našeškan, kdo?« se je smejala lastavica. Joško je napravil majhno šobo,",0
ve?« se je spet smejala lastavica. Zdaj je bilo pa Jošku,0
"da opazili, Ste muce zelo veliko spijo? Zdi se,",1
predejo nevidno volno? Motite se! Muce predejo naše sanje. Takoj ko,1
"da jih cvet komaj drži. Muca ve, kako izbirati in kaj",1
"bi ga pokazala mami in očetu. Tako je hitela, da je",1
"jo je božala in objemala,  oče ji je prinesel toplega",1
zraven nje zadremala še zaskrbljena oče in mama. A Taša tudi,1
"domov, da bi ga pokazala mami in očetu. Tako je hitela,",1
hotel iz njih. Nazadnje je mami potisnila v roko mokro rdečo,1
"tresla se je čedalje huje. Mama jo je božala in objemala,",1
"pet, in trenutek, ko te Urša pogleda s tistimi velikimi očmi.",1
"nato smrček, nazadnje pa je Naska z glavo odrinila vrata in",1
"že sredi sanj. Najprej je Naskin grobi jeziček izmil lepljivo peno,",1
"temo, ki je obdajala Tašo. Naska je pomignila s prvo zlato",1
belo liso na trebuščku. K Taši je prišla že pred petimi,1
"ceste. Tisti dan je bila Taša zelo srečna: za pohvalo, ker",1
Drvel je naravnost proti njej. Taša je od groze obstala kot,1
"velikih kot čoln, je pridrsala čarovnica, grda kot sodni dan. Sredi",0
"je tarnala, ko je začula čarovnico, kako je začela brusiti velikanski",0
in — ni je bilo. Čarovnica je vihala nos in kričala:,0
"mi je, pretkanka,« je zarenčala čarovnica, zajahala čarobno metlo in hajdi",0
pomoči in ko se zlobna čarovnica vrže iz visoke višave na,0
"bi jo v pajčevino povili. Čarovnica je kričala in vpila, a",0
so se dvignili vsi s čarovnico vred. Splavali so nad visoke,0
"morja — čof, so spustili čarovnico v vodo, sami pa so",0
"stopi bliže, da ji pomore. Lisica pa se ji globoko prikloni in",1
"priteče na pomoč toliko oboroženih palčkov, da bodo vso zemljo pokrili",1
se dvigne izza vsake bilke malček-palček in kmalu jih je bilo,1
"Barico ugrabila, zleze nanjo toliko palčkov kot mravelj in ji zveže",1
"bi z njo?« so ugibali palčki, a Barica je pogodila pravo.",1
"kar vrnili domov, kjer so palčki izvolili Barico, da jim je",1
"najsrečnejši, skoči iz grmovja mlad zajček preko ceste, pa se ujame",1
pot bo zame najboljša?« In zajček je dejal: »Na vse strani,1
"ostala sama s svojo mačko Mehkodlačko v tesni, napol podrti kolibici",1
beli stezici s svojo mačko Mehkodlačko. Ko ti hodi že dobro,1
se odpravi s svojo mačko Mehkodlačko naprej. Ali noč ju prehiti,1
"jim je kraljevala, in mačko Mehkodlačko, da jim je lovila miši,",1
"stala na razpotju s svojo muco in premišljevala, kateri utegne biti",1
Barico strašna groza. Pograbila je muco in planila z njo k,1
"si jo okrog glave, vzame muco v naročje in — ni",1
" Barica je bila majhna, uboga deklica.",1
"po zraku, kamor ti drago.« Barica vzame še lisičji rep, se",1
"pokrili kot roj zelenih kobilic.« Barica vzame še rog, ga skrbno",1
"pomoč, pa hajdi svojo pot. Barica je pobrala zajčev kožušček in",1
mogel dalje. Tudi njemu pomore Barica in jelen ji da v,1
"poganjalo ptičje perje na glavi. Barica se je izprva silno prestrašila,",1
Kraj peči pa je zapazila Barica kup človeških lobanj in na,1
človeku podobnega. Zdajci je obšla Barico strašna groza. Pograbila je muco,1
"»Nasadila me bo,« se prestraši Barica ter povleče izza predpasnika lisičji",1
ji je bila za petami. Barica pa ne pomišlja dolgo. Spusti,1
je kar vsa zemlja mrgolela. Barica jih milo prosi pomoči in,1
"višave na zemljo, da bi Barico ugrabila, zleze nanjo toliko palčkov",1
"njo?« so ugibali palčki, a Barica je pogodila pravo. Zavesljala je",1
"domov, kjer so palčki izvolili Barico, da jim je kraljevala, in",1
"deklica. Imela je le staro mamico, a ko ji je še",0
"je na velikanskem svetu živela babica. Bila je res velika, celo",1
podrl. Vse dopoldne si je babica veselo žvižgala in delala krofe.,1
tedaj je v kuhinjo vstopila babica. Hitro je skočila in čudežno,1
"bila precej precej manjša od dedka in vnučkov. Odločila se je,",1
je padel na tla. Ojoj! Dedek je pohlevno zlezel vase. Samo,1
in ga potisnila skozi vrata. Dedek je vzel še vroč krof,1
"precej manjša od dedka in vnučkov. Odločila se je, da bo",1
"je, da bo za te vnučke nekega dne naredila krofe. Zamesila",1
"so dedka in babico obiskali vnučki. Najedli so se slastnih krofov,",1
"nesreča na njivi. Pravi torej graščaku, naj stopi na njivo. Ko",1
"stopi na njivo. Ko pride grašdak na njivo in vidi, kako",1
"izpulili repo, jim gre pomagat. Graščak prime za služabnika, služabnik za",1
"tudi hlapca ni domov, pošlje graščakinja kuharico na njivo. Ko pride",1
"morejo izpuliti repe. Sedaj pošlje gospa služabnika, naj gre gledat, kaj",1
"Ker ni nikogar domov, začne graščakinjo skrbeti, ali se ni morda",1
repo. Sejal jo je grajski pisar. Ali glej! Iz tolikih zrn,1
zrasla ena sama repa. Grajska dekla jo je morala vsak dan,1
"Nekega dne pošlje grajska gospa deklo, naj gre repo izpulit. Dekla",1
"deklo, naj gre repo izpulit. Dekla gre na njivo in zgrabi",1
"izpuliti velikanske repe. Ker tudi hlapca ni domov, pošlje graščakinja kuharico",1
"repa še v zemlji, prime hlapca, hlapec za deklo, dekla za",1
"prime za kuharico, kuharica za hlapca, hlapec za deklo, dekla za",1
"hlapca ni domov, pošlje graščakinja kuharico na njivo. Ko pride kuharica",1
"kuharico na njivo. Ko pride kuharica na njivo in vidi, da",1
"na njivo in prime za kuharico, kuharica za hlapca, hlapec za",1
"izpuliti repe. Sedaj pošlje gospa služabnika, naj gre gledat, kaj se",1
"trem, da ni nikogar domov. Služabnik pride na njivo in prime",1
"pomagat. Graščak prime za služabnika, služabnik za kuharico, kuharica za hlapca,",1
Nekega dne pa je prišla miška in je vso mast pojedla.,0
"potem pa zavzdihnil in zašepetal: »Mama!« Ko je odprl oči, se",1
"nisem mogel zaspati, mi je mama skuhala kamilice.« »Meni jih tudi,«",1
"dnevu, kjer je otrok z mamo obiral dišeče kamilice. Smejala sta",1
drugem koncu vasi je živel starec. Sonja se je ogibala njegove,0
imeli radi opraviti z njim. Starec je največkrat sedel na klopi,0
te ošte¬val. Lepega dne pa starca ni bilo več na klopi.,0
v neki vasi živela deklica Sonja. Imela je čudovite svetlo modre,1
nekaj posebnega. Če jih je Sonja priprla in postrani pogledala skozi,1
tam strmoglavil na sredo izbe. Sonja je kar skozi okno zlezla,1
Odslej te bom klical kar Spominčica.« ln ko je Spominčica priprla,1
vonj me bo spominjal nate.« Spominčica je odrasla in se odpravila,1
"če ti kdo podari šopek spominčic, te ima zares rad in",1
črnini traku se je izrisala bolna gospa in ob njeni postelji otrok.,0
"plesali so in peli, le bled mladenič s starčevimi potezami je stal",0
stala ob razbeljeni tovarniški peči. Utrujen moški je metal premog - lopato,0
"leto? Najprej je bil samo Čas. In kadar ni vedel, kaj",0
nesreči kar odgriznil. »Tpfej!« je Čas izpljunil rep iz gobca. »Živijo!,0
"me pa zabavaj!« je ukazal Čas. »To pa lahko,« je rekel",0
"gubice. »Odslej mi je ime Leto,« je slovesno izjavil. »Spoštovani Čas,",1
da si ogledate moje dneve.« Leto se je spretno zvilo v,1
"dni, je začel nevljudno zehati. Leto se je ustavilo: »Kaj pa",1
— Zvečerilo se je in Sanja je morala v posteljo. K,1
"noč. Potem so vsi trije, Sanja, Mihec in Nina, pogledali skozi",1
"noč. — »Joj,« je vzkliknila Sanja, »danes pa pol lune manjka!",1
"»Ampak, kako?« se je začudila Sanja. »Najbrž,« se je domislil prebrisani",1
"ne bo je,« je rekla Sanja, »sami jo moramo poiskat.« »Sami",1
"posteljo. K sebi je stisnila Mihca in Nino, dvojčka iz cunj,",1
"Potem so vsi trije, Sanja, Mihec in Nina, pogledali skozi okno",1
"manjka! Poglejta!« »Res,« je rekel Mihec, »luna je vendar okrogla!« Nina",1
"je pokimala. Ker je bil Mihec njen dvojček, sta vedno mislila",1
"če ne bi bilo navihanega Mihca, bi bila zjutraj njena postelja",1
"»Najbrž,« se je domislil prebrisani Mihec, »aha, najbrž jo je nekdo",1
"sebi je stisnila Mihca in Nino, dvojčka iz cunj, ki sta",1
"vsi trije, Sanja, Mihec in Nina, pogledali skozi okno v temno",1
"Mihec, »luna je vendar okrogla!« Nina je pokimala. Ker je bil",1
"spijo,« je sedaj rekla še Nina. »Torej jo moramo najti in",1
"»Kaj misliš,« je žalostno vprašala Nina, »jo bo vrnil?«. »O ne,",1
s je se Očka Sanjo in njenim bratcem odpeljal na,1
"bi Nina včasih rada imela Sanjo samo zase, da bi se",1
"padeš, « mu je zaklicala Sanja. »Seveda, zelo pazi! « je",1
Nina sta se stiskala k Sanji in mižala od strahu. Doma,1
"rekla, da ni nič hudega. Ampak Sanji in cunjastima dvojčkoma se je",1
s svoje strani nekaj zašepetala Sanji v uho. In vsi trije,1
v roki kmalu pritekla nazaj Sanja. Z drugo roko je za,1
ne vrnem? « je vprašala Sanja. »Bova! « sta zapel v,1
"uspavanko! « Ko se je Sanja vrnila, je njen mali bratec",1
šla zraven tudi cunjasta dvojčka Mihec in Nina. Čeprav se skoraj,1
se sami igrali s punčkami. Mihec pa bi včasih rad zaspal,1
"pazi! « je prikimala Nina, Mihec pa ga je strahoma pogledoval",1
do avta držal v naročju. Mihec in Nina sta se stiskala,1
kolenom je moral popolnoma mirovati. Mihec je prijel Nino za roko,1
"je za drobceno roko držala Mihca, ta pa Nino, ki se",1
in ga od blizu opazovala. Mihec je z dlanmi zaslonil usta,1
z njim? « je rekel Mihec in zaupljivo prijel Nino za,1
"je s seboj vzela Nino, Mihca pa do jutra pustila pri",1
tudi cunjasta dvojčka Mihec in Nina. Čeprav se skoraj nikoli nista,1
"skoraj nikoli nista ločila, bi Nina včasih rada imela Sanjo samo",1
"zelo pazi! « je prikimala Nina, Mihec pa ga je strahoma",1
držal v naročju. Mihec in Nina sta se stiskala k Sanji,1
popolnoma mirovati. Mihec je prijel Nino za roko in ji nekaj,1
"roko držala Mihca, ta pa Nino, ki se je smejala na",1
"dlanmi zaslonil usta in rekel Nini na uho: »Brez skrbi, kmalu",1
"najlepšem redu, « je pomežiknila Nina. Takrat je v otroško sobo",1
"rekel Mihec in zaupljivo prijel Nino za roko. »Prav, « se",1
"roko. »Prav, « se je Nina strinjala, »zdaj pa mu zapojva",1
"prebudila, je s seboj vzela Nino, Mihca pa do jutra pustila",1
ga je lahko samo gledal. Bratec se še nikoli ni povzpel,0
"trije so skupaj odšli ven. Bratec, ki je ostal sam, se",0
"čakali, da ga lahko obiščejo. Bratcu je bilo prijetno, da se",0
"poškodoval koleno. »Joj, se je očka prestrašil, »Takoj gremo domov! «",1
"k maši, saj so včasih kralji in bogataši tudi hodili k",1
v kraljevičev grad. Kralj in kraljica sta bila zelo vesela in naredili,1
že zvijala in plazila kača. Kraljica se je prestrašila in je,1
"sinu rekla: »Da bi postal kača, ker ne ubogaš in ne",0
njej že zvijala in plazila kača. Kraljica se je prestrašila in,0
ga bo prosil. Kraljevič – kača – pa pravi: »Mati in,0
"kraljevič. živel je Nekoč Mati ga je zjutraj budila, naj",0
maši. Kraljevič pa ni vstal. Mati je že drugič prišla in,0
"bilo tako, da če je mati dete v kaj zaklela, je",0
vstane in gre k maši. Kraljevič pa ni vstal. Mati je,1
"denarja, kolikor ga bo prosil. Kraljevič – kača – pa pravi:",1
"rešiti. Rešila me bo junaška Vida, ki se bo danes rodila.«",1
"se bo danes rodila.« Zares, Vida je rasla, kraljevič pa je",1
"naprej kača. Ko je bila Vida stara štirinajst let, je zgodaj",1
e s t!« — veli Kurent ter gre dalje kričeč: »Sedem,1
Bog. Ker pa ni imel Kurent nobenega vinarja več — da,1
"to pa reče berač: »Ti Kurent, ti si res usmiljena dušica!",1
ha ha!« — zasmeje se Kurent — »kaj mi moreš neki,1
"bode kdo na nji!« — Kurent se je le norčeval, kakor",1
a berača ne ugleda nikjer. Kurent si misli: »Naj bo kar,1
"že zasolim!« — misli si Kurent. Vzame puško, pomeri, ustreli —",1
mož svojih besedij!?« — upije Kurent. Gospod pa se brani na,1
"pa prileze do srede, vzame Kurent goslice ter začne tako lepo",1
"in rotil še dolgo časa, Kurentu pa se je smejalo srce.",1
mu zavije vrat; kar spregovori Kurent: »Gospodje sodniki! Kdorkoli stoji na,1
"Njega privežejo h kolu, a Kurentu dajo goslice. Kurent zagode, a",1
"kolu, a Kurentu dajo goslice. Kurent zagode, a vsi sodniki in",1
"dejal, da ne dajajte mu!« Kurent jo je počasi pobrisal ter",1
"um, da bi tekel za Kurentom. Kurent je šel po svetu.",1
da bi tekel za Kurentom. Kurent je šel po svetu. Ustavi,1
Kar se domisli Smrt tudi Kurenta ter pride ponj. Reče mu:,1
"ter pride ponj. Reče mu: «Kurent, čas bi bil, da te",1
"»Prav imaš!« — odgovori jej Kurent: — »pa pojdi, pojdi na",1
"hoče lezti na drevo, a Kurent jo priveže z ono nitjo",1
"za zajutrek. Ko Smrtnik obljubi Kurentu, da ga ne pride več",1
poskusi tudi on kaj zna Kurent. Kurent ubode z šivanko v,1
tudi on kaj zna Kurent. Kurent ubode z šivanko v kovaški,1
koj se spravi v meh. Kurent pa zašije ono luknjico z,1
polomljen. Na to ga izpusti. Kurent pa je koval še mnogo,1
bi se upal iti po Kurenta. Čez nekaj let pa se,1
"— hrom-), da on pripelje Kurenta. Oj, kako so bili hudiči",1
"sijalo solnce upanja. Pride h Kurentu. Kurent pa govori: »Oj, kako",1
"solnce upanja. Pride h Kurentu. Kurent pa govori: »Oj, kako se",1
"joj: ustati ne more več. Kurent pa se smeje, greje železo,",1
"Z železom mu je odžgal Kurent še drugo nogo, tako da",1
"upil, prosil, klel — a Kurent se je smijal in —",1
"se je naveličal življenja tudi Kurent. Nekega dne reče: »Videti moram,",1
"prebodejo duri skozi in skozi. Kurent pa si misli: »Čakaj, moram",1
na svetu počel preveč neumnosti. Kurent pa de: »Na malo vina,1
"pa vendar vzameš od grešnega Kurenta, — a razkoračiti se moraš",1
"Peter vzame, se razkorači a Kurent uteče skozi 'koračo' v nebesa.",1
"svojem!« Tako, vidite, prišel je Kurent v nebesa: sleparil je na",1
"Tam na nekem pašniku ugleda gospoda, ki je streljal velikega ptiča,",1
je pa bil sam Gospod Bog. Ker pa ni imel Kurent,1
"bil, da te peljem k Bogu!« — »Prav imaš!« — odgovori",1
košek lepih jabolk. Poneseva jih Bogu za dar!« Smrt hoče lezti,1
"svojemu.« Sv. Peter ga zatoži Bogu, ki ga pa pokrega: »Ej,",1
"ne, pa ne pojdem!« Se-ve hudiču je bilo to vrlo lehko",0
"k nebeškim vratam, a sv. Peter mu ni hotel odpreti češ:",1
"moraš če hočeš piti!« Sv. Peter vzame, se razkorači a Kurent",1
"jaz sem na svojemu.« Sv. Peter ga zatoži Bogu, ki ga",1
"ki ga pa pokrega: »Ej, Peter, grlo, grlo te je opravilo!",1
"in jedno suknjico!« Sreča ga berač, ki mu pravi: »Če si",0
"vinar pa sem daroval potrebnemu beraču!« Se ve, da se mu",0
"No, zato pa ga nadlegujejo berači drug za drugim; vsakemu da",0
za mili dar še jeden berač — ki je pa bil,0
"suknjico. Na to pa reče berač: »Ti Kurent, ti si res",0
zagleda železno stolico -- a berača ne ugleda nikjer. Kurent si,0
"suknjico, katero je daroval tistemu beraču, poskoči na njo ter pravi:",0
mnogo let. Kar se domisli Smrt tudi Kurenta ter pride ponj.,0
"Poneseva jih Bogu za dar!« Smrt hoče lezti na drevo, a",0
"ni umrl na svetu nihče. Smrt ga prosi, zdihuje, da bi",0
"se je kadilo za njo. Smrtnik (-njen mož-) pravi: »Čakaj, čakaj,",0
"palico že za zajutrek. Ko Smrtnik obljubi Kurentu, da ga ne",0
in poprosi ju za kračo. Volk in medved se je usmilita,0
"po panj, da praznujejo god. Volk gre, odkoplje zemljo in ne",0
ki je nesel kos slanine. Volku in medvedu se zdi za,0
ter ne gre več dalje. Volk in medved pa prideta na,0
"na levo, drugi na desno. Volk pride do konj, ki so",0
bila lisica dobila v pest. Volk in medved prideta skoraj ob,0
sirotko in potem prigrizniva sir.« Volk jo uboga in pije in,0
"shraniti panj za medvedov god. Medvedov god je namreč takrat, ko",0
kam je šla in zakaj. Medvedu in volku so se že,0
dokler je zarja ne prežene. Medved in volk prideta domov in,0
dokler je zarja ne prežene. Medved in volk prideta domov in,0
skrije globoko v svojem brlogu. Medved in volk prideta domov in,0
bila bogve kaj poštenega naredila. Medved in volk prideta domov in,0
"Kdo je bil zdaj tat? Medved in volk sta bila tiho,",0
"si jo je prisvojila lisica. Medved je šel na desno, prispel",0
"na desno. Volk pride do konj, ki so se pasli brez",1
" Lisica se odpravi na lov, a",1
ji verjameta in gresta sama. Lisica pa jo odkuri čez laz,1
drugi dan sama na lov. Lisica pa odhiti čez laz in,1
drugi dan sama na lov. Lisica pa odhiti čez alz in,1
"enkrat gresta oba v brlog. Lisica pa ta čas izkoristi, vzame",1
"malo, da bi ga nadlegovala. Lisica si pa misli:»Vse utegne priti",1
medved sta šla jezna narazen. Lisica pa pelje volka do jezera,1
"Ker ne odjenja, se razpoči. Lisica pa, ki je pomakala le",1
ujet in ne more ganiti. Lisica pa zbeži proč in se,1
"v tem vremenu? je dejala lisica. - Jaz sem, jež sem,",1
"- Ne, ne! je odgovorila lisica, če prideš noter, me boš",1
"se je počasi, ko je lisica gledala v kotel, začel sukati",1
"delaš tule? ga je vprašala lisica, obljubil si mi, da se",1
- Naj bo! je dejala lisica. Polenta je bila kuhana in,1
"mi vsega pojesti, je dejala lisica, saj si brez vsake olike!",1
"je kar naprej jedel in lisica, ki se je bala, da",1
"- Ne, ne, je dejala lisica, ta hiša je moja, sem",1
postelje in se je zaletel lisici med noge. Lisica je začela,1
"dejala lisica. - Jaz sem, jež sem, odprimi, bodi dobra, ker",0
"usmili se me! je rekel jež. Lisica, ki je bila usmiljena,",0
"Lisica je zmešala polento in jež se je počasi, ko je",0
"obljubil sem ti, je dejal jež, pa mi je hudo mraz;",0
"stegniti v skledo. Ko je jež nehal jesti, je šel v",0
"stegnil. - Čuješ je dejal jež, jaz in ti bi lahko",0
"v tem mrazu, je dejal jež, tu je toplo in prav",0
"mano, pa se poberi! In jež je stopil iz postelje in",0
"čelom blizu Nadiže je živela lisica, ki je imela mlade. Vsak",1
"so imele šolo in mati lisica jih je učila, kako se",1
in potem jim je mati lisica dejala: - Vstanite in se,1
"Ah, moji otroci, je rekla lisica, od zdaj bo mo­ral vsak",1
"živela lisica, ki je imela mlade. Vsak dan je šla iz",1
"polhe, ptice, zato so nje­ne mlade lepo rasle. Pod noč so",1
"Nekega dne, ko so bile mlade že odraščene, jih je mati",1
"sta Bila oče in mati, ki sta imela",0
To je močno jezilo mater; oče pa je klel: »Čem jih,0
Kakor kak grof pride k očetu te ga zaprosi za staršo,0
"pekel, kjer je zgorelo. Vsa zmočena zapre vrata ter teče proč.",0
"to se napravi lucifer k očetu, kateremu laže: »Moji ženi je",0
se napoti v tretje do očeta Reče mu: »Kjer sta že,0
"nosi toliko na dom. Že hoče vzeti koš z ramena, kar",0
"— de jej ter jo hoče malo poriniti, a začuti šum",0
"bilo potreba, da ni bilo očetove -- kletve.",0
"in oče sta Bila mati, ki sta imela tri hčere.",0
"mati, ki sta imela tri hčere. Nesreča pa je hotela, da",1
te ga zaprosi za staršo hčer. Z velikim veseljem mu jo,1
"pustite z mano vašo drugo hčer, dobro se ji bo godilo.",1
"Dovolite, da odpeljem še najmlajšo hčer; se malo poveselimo, ker nas",1
"Hudič odpelje tako še najmlajšo hčer, ki je bila pa bolj",1
"hiši nesrečnih — — ukletih hčera. Potil je res krvav pot,",1
"zvabil v pekel tri uklete hčere, a jih znosil zopet v",1
jo njen mož — — lucifer. »Kje je jabelko?« — zaupije,0
"brezno. Na to se napravi lucifer k očetu, kateremu laže: »Moji",0
"pa vaji rešim!« Ko pride lucifer domu, praša jo koj, ali",0
pomoli pred nos — in lucifer si od jeze odgrizne spodnjo,0
"pogrne. Čez nekoliko časa pride lucifer domu, zadene koš ter de",0
"pa vidi!« — misli si lucifer ter teče dalje. Mislil je,",0
— slame. Še-le sedaj zapazi lucifer veliko prevaro! Pograbi slamnato babo,0
na žensko radovednost. Kakor kak grof pride k očetu te ga,1
mimo nekega lepega dne sam kralj tiste dežele. Ko prebere čudni,0
božji volek!« Na to sporoči kralj našemu mlinarju po jednem svojem,0
priti v jedneni mesecu na kraljev dvor in odgovoriti na ta,0
— 3. koliko je vreden kralj in 4. kaj kralj misli?,0
vreden kralj in 4. kaj kralj misli? — — Ako pa,0
"pa mlinar ne pride h kralju v določenem času, ali če",0
mlinarja. Kaj vendar hoče odgovoriti kralju na taka uprašanja? In pa,0
"upraša, da-li ga morda pozna kralj po licu? »Menil bi da",0
"reč! pojdem pa jaz do kralja, da odgovorim jaz na ona",0
"se pelje v mesto do kralja. Kralj je koj pri volji,",0
"je bila ta, da je kralj čude se kar uprašal dalje:",0
uprašal dalje: »Koliko je vreden kralj?« Kuhar pa modruje: »Gospod naš,0
dvajset.« Kaj je mogel reči kralj na toli umen odgovor? Čudil,0
še četrto uprašanje: »Kaj neki kralj misli v tem trenotku?« Kuhar,0
si je naročil celo izučenega kuharja iz mesta. Mlini njegovi so,1
"v mestu ročnega in izučenega kuharja, ki je 'gospodu' mlinarju kuhal",1
Le-to spremembo je zapazil tudi kuhar. Nekega dne mu reče: »Kaj,1
odgovori mlinar. Na to de kuhar z radostnim glasom: »Prava reč!,1
ogromnost. Nekega dne se preobleče kuhar za »gospoda Mlinarja« ter se,1
res: jaz sem le njegov kuhar.« Kralj in vsi ministri se,1
a on naj bode tvoj kuhar!« In odpustil ga je z,1
"Kako sta se potem poravnala kuhar in mlinar, tega ne vemo.",1
"nekedaj je Živel mlinar, ki je bil zelo bogat",1
gledati le-to hrupno življenje. Oče mlinar pa se ni mučil in,1
je bilo vse drugače! Reven mlinarček je mlel od zore do,1
"kaj prijazno in vabljivo, a mlinarček je bil sila varčen, previden",1
"je mlel ljudem žito, našemu mlinarčku pa svitle novce v dvojni",1
"in po malo prepustil vsa mlinarska opravila, sam pa je počel",1
"izučenega kuharja, ki je 'gospodu' mlinarju kuhal in cvrl jedil, da",1
"jedil, da se je 'gospod' mlinar oblizaval vedno z največjo zadovoljnostjo.",1
"šaljiv človek, da je 'gospod' mlinar prežil poleg njega marsikako veselo",1
"Na to sporoči kralj našemu mlinarju po jednem svojem ministru, da",1
misli? — — Ako pa mlinar ne pride h kralju v,1
bile nikake šale za našega mlinarja. Kaj vendar hoče odgovoriti kralju,1
"ni hotel pomagati ter rešiti mlinarja preteče smrtne nevarnosti. Presilne skrbi,",1
"sodnji dan bo, sodnji dan, mlinarjev trebuh je crknil!« Le-to spremembo",1
svetovati kaj pametnega. Konečno mu mlinar pove svoje težave in skrbi.,1
»Menil bi da ne« odgovori mlinar. Na to de kuhar z,1
"se potem poravnala kuhar in mlinar, tega ne vemo. Poravnala pa",1
"ali bitstvo je tisto, celo mlinar igra v obeh svojo ulogo.",1
gozdu in zagledal tam daleč medveda. Od strahu se je ustavil,0
- No prav! je dejal medved in je šel proti tisti,0
puško in začel streljati. Ubogega medveda je zabolelo po vsem životu!,0
"Nehaj, nehaj, je začel vpiti medved, če so tvoje besede tako",0
ti! Tako je mož premagal medveda. ,0
neki je Nekoč lovec hodil po gozdu in zagledal,1
- Dajva začeti s kreganjem! Lovec je vzel svojo puško in,1
"za drevo. Medved, ki je moža opazil, se je približal in",1
"brez vsakega vzroka? je rekel mož. Prej se morava lepo skregati,",1
"malo bolj daleč, je dejal mož, bolj tja, do tiste bule.",1
si močan ti! Tako je mož premagal medveda.,1
služil je leta Dolga Nace pri stricu za hlapca. Opravljal,1
"je bil nam mestnim otrokom Nace, vzor in vzgled vsevednosti in",1
"želja, da postanem nekoč hlapec Nace. Res, za veliko stvari mu",1
"na orehu, da je ubogi Nace moral plezati ponje. Takrat smo",1
"se nas je gnetlo okrog Naceta, slepo verjeli v čarovnice in",1
"se v nedeljskih popoldnevih, ko Nace ni imel opravka, približevali hlevskim",1
bil takrat zame ta borni Nacetov kotiček pod s pajčevino zastrtim,1
"gnoju in potu živali! Pisati Nace ni znal, menda tudi brati",1
"ga ob letu znova spraševali: »Nace, kako pa ─ konj?« »Le",1
"je stric kdaj razjezil nad Nacetom, smo bili vselej tudi mi",1
se otroci sami peljali z Nacetom v oddaljeni kraj na pošto,1
vred zvrnili v obcestni jarek. Nace je skušal zaustaviti konje in,1
"v pomoč, da smo nezavestnega Naceta zvlekli pod kozolec, sami pa",1
"smo skušali pri stricu opravičiti Naceta: »Nace je junak,« smo jecljali,",1
"skušali pri stricu opravičiti Naceta: »Nace je junak,« smo jecljali, še",1
je kmalu vrnil z obvezanim Nacetom. Tudi konje so nekje sredi,1
"šentjernejski kolar. Kar koli je Nace napravil, je bilo dotlej zmerom",1
"še naslednji dan, sem poiskala Naceta, da bi mi razloži čudno",1
gnezdila sova. To je iztaknil Nace in ko je stara odletela,1
"za svoje mladiče, ji je Nace zazidal z vhod v votlino.",1
"in jeze: »Sram vas bodi, Nace! Kaj ste storili!« sem ogorčena",1
"kraj lestve, medtem ko je Nace s kladivom razbijal omet. Strjeni",1
"nad mestom, kjer je razbijal Nace. Ko je razgrebel omet, je",1
"ne. Vendar smo ga mi otroci naučili nekaj francoskih besed, ki",1
smo bili vselej tudi mi otroci bridko prizadeti zanj. Skušali smo,1
"znali. Nekoč, ko smo se otroci sami peljali z Nacetom v",1
"ga z grma prepodila, vsakega metulja, katere sem tiste čase strastno",1
"Ujel je zame mladega divjega zajčka s polja, prinesel iz hoste",1
"iz hoste ježa in udomačil srako, ki je v kuhinji kradla",1
"okrog Naceta, slepo verjeli v čarovnice in divjega moža; tudi v",0
"slepo verjeli v čarovnice in divjega moža; tudi v belo kobilo, ki",0
"divjega moža; tudi v belo kobilo, ki je skakala po treh",1
"leta je služil Nace pri stricu za hlapca. Opravljal je konje,",1
"mestne frkolinke! Če se je stric kdaj razjezil nad Nacetom, smo",1
"sami pa smo odhiteli klicat strica, ki je bil zdravnik, da",1
"in konj, smo skušali pri stricu opravičiti Naceta: »Nace je junak,«",1
"jih škoda, če poginejo.« »Po strica grem in mu povem, če",1
"obležal v ogonih njiv. Nek cestar, ki je v bližini posipaval",1
"je tako lepo popravil šentjernejski kolar. Kar koli je Nace napravil,",1
"Spoznala sem, da je bila sova. »Le kaj neki išče?« sem",0
"kajti vedela sem, da je sova roparica, ki zasleduje svoj plen.",0
luknji hlevskega zidu je gnezdila sova. To je iztaknil Nace in,0
z vhod v votlino. Uboga sova se je dva dni zaletavala,0
so frčali naokrog in stara sova se je še bolj preplašena,0
dokler se je ni usmilila vila z Menine planine. Prišla je,1
" Gorjanci pripovedujejo, da je pod Menino",1
"bajti na samoti živela uboga bajtarica, ki ni imela drugega kakor",0
"jama se je odprla, uboga bajtarica pa je ostrmela in skoraj",0
"v predpasnik.« Vila je izginila, bajtarica pa je odšla domov in",0
večera vzela v naročje svojega otroka ter odšla iskat srečo. V,1
"Stopila je v jamo, odložila otroka na skalo ter pričela v",1
"je žena spomnila, da je otroka pozabila v jami. Zajokala je",1
"V jami boš našla svojega otroka, a samo tedaj, če boš",1
in noč jokala za izgubljenim otrokom. Toliko solz je potočila v,1
"dokler bi ne imel svetega ptiča, kateri ima zlato perje. Pa",1
"Pa kje bi bil ta ptič, tega ni znal nihče v",1
"vence; kateri bi našel svetega ptiča, imel bi vedno svež venec,",1
"iti. Rekla mu je: «Tisti ptič je na Turškem, v podrti",1
"cerkev. Tu je letal zlati ptič od oltarja do oltarja, ter",1
"lepše pel ko najmilejša godba. Ptič mu zleti na ramo, mladenič",1
sta raztrosila grozno vest. Zlati ptič ni nič več prepeval in,1
"cerkveni prag, zapel je sveti ptič prvič odkar so ga bili",1
bi saj slišal peti zlatega ptiča. Drugo nedeljo zgodi se ravno,1
bi spoznal za koga voljo ptič vender zapoje. Tudi takrat prišel,1
"takrat prišel je grofič. Najnazadnje ptič je zapel, stražar pa si",1
"vtihnil je ob enem zlati ptič. Stražar stopi za njim, prime",1
grof hoče vedeti zakaj zlati ptič ravno za tebe voljo poje.»,1
"v bližnji krčmi sestaneta se starejša brata zopet. Tam pijeta tako dolgo,",0
"obesili vence, bil je venec najmlajšega brata še lep cveteč, njijina sta",1
"kočo; tu je živela stara ženica, katera ga pouči kod ima",1
"njem pa so bivale tri princesinje, katere so grofiču povedale da",1
"je najmlajši sin z lepo princesinjo, starejša pa sta pretrpela grozno",1
"oče, ter stopi pri nekem čevljarji za pomagača. V nedeljo ga",1
pomagača. V nedeljo ga vpraša čevljar če pojde k maši. Grofič,1
"grofič. Najnazadnje ptič je zapel, stražar pa si dobro zapomni, kje",1
"dne skriti. Zvečer zbere grof sodnike, ter je vprašal, kako bi",0
"zapustil v smrtni nevarnosti. Vsak sodnik je izrekel grozno obsodbo, najgroznejo",0
samotnem griči. Kar priletita dva vrana in eden pravi drugemu: «Če,0
ravno za tebe voljo poje.» Grof na mah spozna svojega najmlajšega,1
"živel je Nekoč car, ki je imel zdravnika; ta",1
ozdravi. Zdravnik pa je dejal carju: »Veličanstvo! Njena bolezen je zelo,1
"dela zdravnik. Ta je položil carjevo hčer na mizo, jo trdno",1
"Ko je ozdravela, je poklical car zdravnika in mu je dejal:",1
"umoriš mojega učenca«. Ko je car to slišal, se je zavzel",1
"drugega. Deček pa je dejal carju: »Veličanstvo, vidim, da mi nočeš",1
ga je dal dečku pred carjevimi očmi. Deček pa je vprašal,1
zopet čil in zdrav pred carja in dejal: »Zdaj sem jaz,1
Na te besede sta odšla car in zdravnik. Na četrti dan,1
"se je zopet prikazal pred carjem, nalil pred njegovimi očmi v",1
"jo zapečatil. Nato je dejal carju, naj pokliče zdravnika. Ko je",1
"živel car, ki je imel zdravnika; ta je bil zelo učen,",0
"tako je prišel tudi k zdravniku. Ko je ta videl, da",0
da je postal učen kot zdravnik in skoraj še bolj. Car,0
"mučil glavobol. Car je ukazal zdravniku, naj poizkusi vse, da jo",0
več prenašati«. Car je dal zdravniku dovoljenje; ta se je zaprl,0
"je lahko videl, kaj dela zdravnik. Ta je položil carjevo hčer",0
"je ozdravela, je poklical car zdravnika in mu je dejal: »Kaj",0
"imaš usmiljenje z menoj; toda zdravnik noče drugače, kot da jaz",0
"najlože, da izbere njega za zdravnika. Zaukazal je, in drugi dan",0
in drugi dan je prinesel zdravnik najmočnejšega strupa in ga je,0
"očmi. Deček pa je vprašal zdravnika: »Koliko ur še bom živel,",0
besede sta odšla car in zdravnik. Na četrti dan se je,0
"je dejal carju, naj pokliče zdravnika. Ko je ta prišel, mu",0
"In res, ko jo je zdravnik zgrabil, je padel mrtev na",0
"njega. Živel pa je zvit deček, ki se je napravil mutastega",1
"je ta videl, da je deček mutast, je dejal sam pri",1
"ker ni hotel, da bi deček umrl, in drugič, ker se",1
"bolj. Car pa je imel hčer, ki jo je že dolgo",1
"Car pa je vprašal svojo hčer, ki mu je odgovorila: »Naj",1
zaprl s carjem in njegovo hčerko v sobo in je vzel,1
"zdravnik. Ta je položil carjevo hčer na mizo, jo trdno privezal,",1
"dam, ko si mi ozdravel hčer?« Zdravnik mu je odgovoril: »Hočem,",1
prišlo k tistemu sodu dvanajst volkov. Dečkec seže z roko iz,0
"roko iz soda, pograbi prvega volka za rep in reče: Vleci!",0
"z njimi napolnil sod, toda volka ni izpustil, dokler ga ni",0
 Oče si je v Beltincih na,1
"ugajal. Nekega dne je šel oče na njivo, deček pa je",1
"je šel oče na njivo, deček pa je skril nožek v",1
"so maldi hupkači, se razveseli dečkec in spleza na drevo do",1
bežal in vlekel za seboj dečka v sodu. Pritekla sta v,1
"in z vilami zasadil sam volk, ki je povabil na delo",0
»Kaj pa je?« sta vprašala volk in zajček. »Na botrinjo me,0
lisica »Pa pojdi!« je odvrnil volk. »In kmalu se vrni na,0
ki je povabil na delo lisico in zajčka. Za oba kopača,0
"Vsi trije so pridno delali. Lisico pa je zamikalo, da bi",0
me kličejo!« se je zlagala lisica »Pa pojdi!« je odvrnil volk.,0
povabil na delo lisico in zajčka. Za oba kopača pomagača je,0
je?« sta vprašala volk in zajček. »Na botrinjo me kličejo!« se,0
"vrni na delo,« je dodal zajček. In lisica je odšla pod",0
"bogat je Bil kralj, ki je imel dvanajst sinov.",1
"Skoraj zvedo, da ima tamkajšnji kralj dvanajst hčera. Napotijo se k",1
"kraljevskih osebah, in reko: »Gospod kralj, zvedeli smo, da imate dvanajst",1
sinovi smo tega in tega kralja.« Kralj je bil takoj zadovoljen,1
"vprašaj po tem in tem kralju, ki ima dvanajst hčera. Povedali",1
"mož in izve, kje je kraljeva palača. Sliši tudi, da je",1
"Sliši tudi, da je imel kralj dvanajst hčera in da so",1
"drugi snubit. Odpravi se h kralju. Ta mu pove ravno tako,",1
"odpravljali na pot, je bil najmlajši brat bolan: dal pa jim je",1
"V tem času ozdravi doma najmlajši brat. Pogleda se v zrcalo, toda",1
cest. Tam jih čaka star mož in jih vpraša: »Kam greste?«,1
"mesto, kakor jim je povedal mož. Skoraj zvedo, da ima tamkajšnji",1
dopoldne pride po poti star mož k njej in jo vpraša:,1
okamneli. Potem ji reče stari mož: »Če hočeš k meni v,1
"ga že čaka tisti stari mož in ga vpraša: »Mladenič, kam",1
"mu je povedal tisti stari mož in izve, kje je kraljeva",1
"devetih pride dekle tistega starega moža kamenje kropit. Ko vidi, kako",1
sestra in služim pri starem možu; vsak dan moram kropiti kamenje.«,1
"jo pouči, naj vpraša starega moža, ki mu služi: »Ali bom",1
"domov. Ko se snideta z možem na samoti, ga vpraša, kakor",1
"pove, kakor ji je povedal mož, da je brate in sestre",1
"odpravijo domov. Na poti reče starejši brat: »Zdaj nas je triindvajset, ni",0
"zadovoljen in kraljeviči se zaroče. Najmlajša kraljična pa je bila žalostna, ker",0
"Najmlajši sin gre in sreča lisico. Ta ga vpraša: »Kam, dragi",1
"na svetu, tako tudi ti, lisica.« Gre spet dalje. Ne dolgo",1
"ne more. Tedaj se spomni lisice, ki ji je dal nekoč",1
dal nekoč mesa. Ročno pride lisica k njemu in on ji,1
"dalje. Ne dolgo nato sreča volka, ki ga prosi: »Dragi mladenič,",1
"na svetu, tako tudi ti, volk.« Mladenič gre dalje. Skoraj ga",1
"Tam mu pride naproti tisti volk, ki mu je nekdaj dal",1
"»Takoj pojdimo dalje, da nas čarovnik ne dobi!« Pridejo do široke",0
"vode, že prisopiha za njimi čarovnik. Toda nima več pravice do",0
"eno hišo, en polovnjak vina, mačko, kozo, srp in enega bika.",1
"srp, najmlajšemu pa sta dala mačko in se norčevala iz njega.",1
češ da ne more oddati mačke. Dobro! Gredo dalje in pridejo,1
"rajnišev,« pravijo vsi. Najmlajši spusti mačko na tla, mačka hitro razpodi",1
"Najmlajši spusti mačko na tla, mačka hitro razpodi miši, jih pobije",1
okna zadelajo s slamo in mačko zaprejo v hišo. Nato naj,1
"naj hišo zažgejo, da bo mačka zgorela. Krčmar pa spleza na",1
"kajti mislil si je: »Če mačka pride ven, me ne bo",1
"našla.« Res, hiša se vname, mački je bilo že hudo, pa",1
"skozi okno in po svoji mačji navadi naravnost na jagned, na",1
"ker je mislil, da gre mačka nad njega. Mačka pa, ko",1
"svojim starim gospodarjem. Tako je mačka pribežala za svojim najmlajšim bratom,",1
zdaj šeststo rajnišev pa še mačko nazaj. Sinovi pridejo do nekega,1
"pravi grofica. Najmlajši ji da mačko, nato pa dobi šesto rajnišev,",1
in konje jedla.« Zares požene mačko z gradu. Mačka pa pribeži,1
tako je mlajši brat dobil mačko nazaj in še denarja je,1
"Neki oče je imel 3 sinove, ki",1
"in enega bika. Ko je oče umrl, so sinovi začeli deliti.",1
"kjer so gostje ravno jedli, krčmar pa jim je moral odganjati",0
"so trije bratje odšli, ukaže krčmar, naj vse znosijo iz hiše,",0
na kateri je bil naš krčmar Vrban. Ko je krčmar to,0
"naš krčmar Vrban. Ko je krčmar to videl, se je prestrašil",0
"varovati grofa?« »Šesto rajnišev,« pravi grofica. Najmlajši ji da mačko, nato",0
"odidejo. Ko so odšli, se grofica spomni, da je pozabila vprašati,",0
je tekel nazaj in rekel grofici: »Ta stvar je konje in,0
"pa ni dobro,« si misli grofica, »pa že rajši to stvar",0
"vprašajo, kaj pri njih delajo hlapci. Grofica jim odgovori: »Grofa varujejo,",1
"vam dam takšno stvar, da hlapcem ne bo treba varovati grofa?«",1
"ta stvar je. Hitro pošlje hlapca za njimi, naj jih vpraša,",1
"iz katerega se je izvalil zmajček. Mladiček je iskal zavetje, zato",1
"Ta je prigrmela nad bežečega zmaja s tako silo, da ga",1
"je razkropila na vse strani. Ptiči zbrani v jate, so nekaj",1
"Na robu vasi je živel Jaka, ki je imel slabotnega petelina.",1
bo!« jim je veselo odgovarjal Jaka. A čeprav je Jaka svojega,1
"odgovarjal Jaka. A čeprav je Jaka svojega petelina dobro krmil, temu",1
podoben. Nekega popoldneva sta se Jaka in petelin grela na soncu,1
"»To je zagotovo coprnica,« pomisli Jaka. »Njo bom poprosil za nasvet.«",1
"jutra, še preden ga je Jaka utegnil poprašiti in nahraniti, je",1
"Jaka, ki je imel slabotnega petelina. Kadar so ga sosedje videli,",1
"A čeprav je Jaka svojega petelina dobro krmil, temu nobena hrana",1
popoldneva sta se Jaka in petelin grela na soncu pred hišo.,1
"denar pove, kako naj hrani petelina, da bo zrasel. Da mu",1
"grbasto babo. »To je zagotovo coprnica,« pomisli Jaka. »Njo bom poprosil",0
"za nasvet.« Pokliče jo in coprnica mu za drag denar pove,",0
"Na plan je prilomastila velikanska pošast s sedmimi glavami , iz",0
"slabotnega petelina. Kadar so ga sosedje videli, so zmajevali z glavami",1
O če in mati sta imela tri,0
"niso mogli dognati. Zato reče oče sinovom, naj jih gre vsako",0
"starejšega. Mati mu speče potico, oče pa mu da bokal vina,",0
in Oče mati sta imela tri sinove. Prebivali,0
"stražit. Prvo noč pošlje starejšega. Mati mu speče potico, oče pa",0
"na vrt. Tudi temu speče mati potico, oče pa mu da",0
"zaspal. Ko se znoči, gre starejši sin na vrt, sede pod jablano,",0
izginilo.« Drugi večer pošlje oče srednjega sina na vrt. Tudi temu speče,0
"laže bedel ponoči. Ko pride srednji sin na vrt, sede, poje in",0
"se jezi oče. — In mlajši sin pravi: »Oče, nocoj pojdem jaz",1
"oče. Ko se znoči, vzame mlajši sin nekoliko črnega kruha in vode",1
"ptič, krokar, naravnost na jablano. Mladenič pomeri in ustreli. Z drevesa",1
"tatom. Okoli polnoči prileti črn ptič, krokar, naravnost na jablano. Mladenič",0
Z drevesa padeta jabolko in ptič. Ta pa se takoj zopet,0
"krast. Opolnoči je priletel črn ptič in utrgal jabolko; ustrelil sem,",0
"»Ce boš molčal,« mu reče hišna, »ti ga pokažem. Bolan je",0
"postelji ves krvav.« Nato ga hišna odvede v sobo, kjer je",0
"Nekega dne pa pride njegov sosed, ki je imel tam blizu",0
"živela sta Nekoč mož in žena, ki se nista",0
"ki se nista kdovekaj razumela. Mož je ženi očital, da je",0
"- Pa bova, je rekel mož. In res! En dan je",0
"Nekoč sta živela mož in žena, ki se nista kdovekaj razumela.",1
"nista kdovekaj razumela. Mož je ženi očital, da je zanič, pa",1
"je zanič, pa je rakla žena: - No, pa dajva, zamenjajva!",1
je prišlo še nekaj hujšega. Kravo je imel ta človek privezano,0
privezal okoli pasu. Naenkrat je krava zbezljala in vlekla moža v,0
"je delo pustil in šel prašičem skidat, kmalu se je spomnil,",0
"je šel pit, je pozabil prašiče zapreti. Prašiči so že prišli",0
"pit, je pozabil prašiče zapreti. Prašiči so že prišli v kuhinjo",0
"je Bila mati, ki je imela dva sinova",1
"nekega dne orat, sta rekla materi, naj jima na polje pošlje",1
"prišla domov in sta vprašala mater, zakaj jima ni poslala kosila.",1
"mati, ki je imela dva sinova in hčer. Ko sta šla",0
"Odgovorila je, da je svojima bratoma prinesla jesti. Potem reče vrag:",0
"moraš pri meni, saj tvoja brata orjeta.« Zvečer sta brata prišla",0
je imela dva sinova in hčer. Ko sta šla nekega dne,0
"kosilo, prinese pa naj ga sestra. Sestra jima odgovori: »Ne poznam",0
prinese pa naj ga sestra. Sestra jima odgovori: »Ne poznam poti.«,0
"dve, ker je eno zoral vrag, in je prišla prav k",0
"»Kaj hočeš?« jo je vprašal vrag. Odgovorila je, da je svojima",0
"bratoma prinesla jesti. Potem reče vrag: »Ostati moraš pri meni, saj",0
dal in rodil se je Palček. Ta je že takoj prvi,1
"če moreš. Šla bom ponje.« Palček je vzdignil hišo, mati pa",1
"bratov?« Mati mu odgovori: »Nisi, sinko, nič jih nisi imel.« Potem",1
"na paši prepiral z drugimi pastirji, so mu pastirji rekli, naj",0
"se je spet prepiral s pastirji, so mu spet rekli, da",0
"planini je pasel krave mlad pastir, ki je bil reven, a",1
"čredi. Zdaj ni več marala pastirja, želela si je samo to,",1
"udaril z gorjačo. Ko je pastir zagledal neznano kravo, ki je",1
vanj zagledala najmlajša in najlepša vila z Menine planine. Vilinskemu kralju,1
"ni bilo všeč, zato je hčerko začaral v kravo in zakričal:",1
"so ljudje!« Tako se je vila, spremenjena v kravo, morala pridružiti",1
"vila z Menine planine. Vilinskemu kralju pa to ni bilo všeč,",0
"Belki, da jo bo vilinski kralj ponovno spremenil v vilo šele",0
"ti zatekla v mojo čredo, Belka?« Belka ji je dal ime,",0
"zatekla v mojo čredo, Belka?« Belka ji je dal ime, ker",0
je bila bela kakor sneg. Krava je žalostno zamukala. Ko pa,0
"Na Menini planini je pasel krave mlad pastir, ki je bil",1
Ponoči pa so se tri krave v staji otelile ... Sedmi,1
sunila z rogmi v vamp. Krave so se splašile; nastal je,1
"je nekega dne zagledal ogromnega medveda, ki je hlačal proti kravji",0
"pa je brž zaprl leso, medvedu pa se je posmehoval: »No,",0
"posmehoval: »No, le pridi noter, kosmatinec, če moreš in znaš, pa",0
je napadel kravjo čredo gladni volk. Že je skočil na najlepšo,0
"napadeni kravi in treščila požrešnega sivca po butici, da se je",0
"Pastir se je smejal, odri volka in si iz volčje kože",0
"so v kravjo stajo vdrli roparji, da bi ukradli najlepšo kravo",0
"gorjača švistnila po zraku ter roparje tako namlatila, da se jim",0
Svoje dni je pasel majhen deček v Istri blizu morja nekoliko,1
"je pripekalo na zemljo. Kar deček zagleda tri lepe deklice, ki",1
"vsaj na videz sladko spale. Deček niti malo ni pomislil, da",1
"v Istri blizu morja nekoliko krav, ki jim je bilo pridruženih",0
"on pa je imel živa goveda in ovce, ki so mu",0
"je zagledal veliko trumo ovac, krav in koz, ki so šle",0
je bilo pridruženih tudi nekaj ovac in koz. Bilo je popoldne,0
"je imel živa goveda in ovce, ki so mu bile nad",0
"Pa je zagledal veliko trumo ovac, krav in koz, ki so",0
pridruženih tudi nekaj ovac in koz. Bilo je popoldne in pekoče,0
"veliko trumo ovac, krav in koz, ki so šle iz morja",0
"na mehki trati. Bile so vile. Neizrečeno so bile lepe, pa",1
"pomislil, da bi utegnile biti vile. Mislil je, da so navadne",1
"Mislil je, da so navadne deklice, ki so se po soncu",1
"dovolj, ker je tudi revne sosede obdaril z blagom, ki so",1
"revna je Živela mati, ki je imela sina edinca.",1
Pastirček je stopil do svoje matere. Povedal ji je dogodek in,1
"revna mati, ki je imela sina edinca. Bil je krepak in",1
"nje, ker je njeno odnesel pastirček. Tista je hitro krenila za",1
"obleko nazaj! Vrni mi jo!« Pastirček se je za trenutek ustavil,",1
srebrni vodici kopajo tri lepe deklice. Skril se je za grm,1
"ter jo ucvrl proti domu. Deklice so to precej opazile, zavreščale",1
"s teboj, a sem čarovnikova hči in se ne smem poročiti",1
"dam,« je odvrnil fant. Lepa deklica je le prosila in prosila,",1
samo smehljal. Blizu vasi je deklica še zadnjič prosila: »Daj mi,1
v kateri je prebival star mož. Stopil je do njega in,1
je hišica z mojo nevestico?« Starec je odkimal: »Nikoli še nisem,1
o tem.« In se je starec obrnil k pastirčku in dejal:,1
"Počakaj, morda vedo kaj moje živali.« Stopil je iz hiše in",1
iz hiše in sklical vse živali. Povprašal jih je po Stekleni,1
"Počakaj, morda vedo kaj moji ptički.« Stopil je iz koče in",1
iz koče in sklical vse ptičke. Povprašal jih je po Stekleni,1
"dejal: »Stopi do mojega starejšega brata, morda on kaj ve. Toda",1
"dokler ni zapazil koče starčevega brata. Precej, ko jo je zapazil,",1
brata!« Zaslišal ga je drugi starec in mu odvrnil: »Če prinašaš,1
Deveti deželi. Takoj je odgovoril Krivec: »Prav dobro vem za Stekleno,1
"z menoj pojdi,« je rekel Krivec. Fant ga je ubogal in",1
škornje zna skovati samo tisti kovač pod Stekleno goro.« Pastirček ga,1
pri kovačnici pod Stekleno goro. Kovač je močno razpihal ogenj in,1
"bregu navzdol naravnost pred kovačnico. Kovač mu je moral skovati druge,",1
"je vanjo in pred samega čarovnika. Najprej ga je pozdravil, nato",0
nato pa poprosil za hčerko. Čarovnik se je debelo zasmejal in,0
"je!« »Uganil si,« je rekel čarovnik, »za jutri ti naložim drugo",0
vrnil domov. Doma ga je čarovnica precej prijela: »Kje ju imaš?«,0
je brez njiju prišel domov. Čarovnica ga je spet prijela: »Kje,0
da gre zdaj za njima čarovnica. Zato je urno poslednjič naredila,0
"je davno nekoč razsajal strašen zmaj in ustrahoval vse, kar je",0
iz trave!« se je krohotal zmaj. »Ne z mano – temveč,0
"ni videti!« se je šopiril zmaj. »Res ga ni videti,« je",0
"z mano – temveč z junakom, katerega oproda sem, in te",1
pa je vendar ta tvoj junak? Prav nikjer ga ni videti!«,1
"ni videti,« je pritrdil pastirček. »Junak, ki te vabi na dvoboj,",1
"se je priglasil na dvoboj pastirček, ki mu je zmaj vsako",1
"na dvoboj!« je pogumno dejal pastirček. »Lej ga, kje pa je",1
"ga ni videti,« je pritrdil pastirček. »Junak, ki te vabi na",1
"noči nenadoma pregnalo glasno kikirikanje petelina. »Kikiriki, kikiriki, kikiriki!« je zapel",1
"»Kikiriki, kikiriki, kikiriki!« je zapel petelin. Na zmajevo neznansko zaprepadenje se",1
"in hvaležno nasul zrnja rdečemu petelinu Čopku Atili, ki je s",1
 Zmaj pod triglavo Zmajsko goro je,1
»Re-ha-bi-li-ta-ci-jo -?« je začudeno ponovil zmaj. »Beseda bo kar v redu,1
"sodišče ali norišče?!« je zagundral zmaj, da je nevarno zacingljal lestenec",1
stavbe sodišča ter zakoračil mimo vratarja - kar je lahko storil,0
"dvorano, pred častitljivo obličje vrhovnega sodnika. Iz malhe je potegnil knjige",0
je ves iz sebe izjecljal sodnik ter si privzdignil lasuljo. »Re-ha-bi-li-ta-ci-jo,0
"dokaz!« je učeno zamrmral sodnik  in segel v luknjo,da bi",0
mora v imenu resnice odločiti porota!« »Ta je pa zmajska! -,0
"bila sodna dvorana, s sodnikom, porotniki in zmajem vred, pokrita z",0
"šibile stene. Gasilci, sodnik in porotniki so jo v naglici ubirali",0
vsi lestenci v dvorani. Dežurni gasilci so pograbili gasilne aparate in,0
"da so se šibile stene. Gasilci, sodnik in porotniki so jo",0
živela je Nekoč grofica. Imela je lep grad in,1
"davno umrli. Čeprav je bila grofica in plemenitega stanu, je ni",1
"njivo. Nekega dne je žela grofica deteljo na njivi, a kolikokrat",1
tolikokrat ji je bila zelena žabica pod srpom. Tako ni mogla,1
"tako odnesla daleč stran, a žabica ji je bila še vedno",1
hočem biti babica.« Pustila je žabo tam in odšla zopet žet.,1
"njivi. Mimo nje se pripelje gospod v črni kočiji, ki je",0
"— ki je bil sam vrag, žaba pa njegova žena —",0
"Grofica ni ničesar videla, kajti vrag ji je vzel vid. Vse",0
"nebu. Bila sta to grofičina oče in mati, ki sta bila",1
"sta to grofičina oče in mati, ki sta bila do tedaj",1
Svoje dni je hodil majhen deček v gozd po drva. Nekega,1
"z blestečim demantom na glavi. Deček se je bal kač, vendar",1
"šel domov,« ji je odgovoril deček, »samo ne vem, kako.« »Ne",1
"med njimi je bila kačja kraljica, bela kača z blestečim demantom",1
"leto minilo, mu je kačja kraljica rekla: »Sinko, ti bi šel",1
"to,« mu je odvrnila kačja kraljica, »toda — gorje ti, če",1
"V jami je bilo mnogo kač, a prva med njimi je",1
"glavi. Deček se je bal kač, vendar mu niso nič hudega",1
"Videl pa je, kako ližejo kače neki kamen, pa ga je",1
"šel vesel proti domu. Vsi domači so se mu zelo čudili,",0
"Na vse načine so ga domači prosili in silili, naj jim",0
"sta Živela cesar in cesarica, imela sta dosti",1
"želela, tako se je zgodilo: cesarju in cesarici se je porodil",1
ga nista bila več vesela cesar in cesarica. Sram ju je,1
"in cesar sta Živela cesarica, imela sta dosti sveta in",1
"Neki dan se je sprehajala cesarica po gozdu, zamišljena je smukala",1
prilezel gladko stezo droben jež. Cesarica ga je ugledala in se,1
je prilezel gladko stezo droben jež. Cesarica ga je ugledala in,1
"da je večji kakor ta jež!« Kakor si je želela, tako",1
in je bil tolikšen kakor jež in bodeč po vsem drobnem,1
"je prišel prek gozda sosednji kralj, sam je bil na lovu",0
"prihajala, tulil je volk in kralja je zaskrbelo za življenje. Kar",0
"bi me, ker sem majhen.« Kralj je velel: »Nikar se ne",0
"rešiš iz gozda, in rodno hčer za ženo, samo pridi in",0
"tako, če mi zares obljubljaš hčer, še svoj podpis mi daj,",0
"kraljestva, za ženo pa rodno hčer: Prišel sem, da izpolniš obljubo.«",0
"Ta kralj je imel tri hčere, druga je bila lepša od",0
"iz rok, šlepeder z nog; hčere so ostrmele. Jež pa se",0
"te katera mara izmed mojih hčera, jaz ji ne branim.« Najstarejša,",0
"odslej ljudje — je priskrbel oče mačeho, ki je bila zelo",1
"imenitnejšega, boljšega kakor je bila mati njena. Komaj pa je bila",1
stara sedem let umre jej mati; uboga deklica je postala —,1
"domov, potoži materi svoji: »Oj mati moja, danes je zagorelo moje",1
"bliskovo v grad, kjer jo mati grofinja radostno vsprejme in poljubi.",1
deklica je postala — sirota. Sirotici — tako so jo zvali,1
z daleka primerjati s prekrasno Sirotico. Sirotica je bila silno lepega,1
"daleka primerjati s prekrasno Sirotico. Sirotica je bila silno lepega 'stasa',",1
nič ni. Ta vabljiva krasota Sirotice in velikanska razlika med njo,1
je opažala rastoča krasota zatirane Sirotice. Nekega jesenskega dne jo pošlje,1
"»Oj, ojoj meni!« — zdihuje Sirotica — »kako naj opredem toliko",1
"Oj kako veselje za ubogo Sirotico, ko je nabrala poln predpasnik",1
"kako izborno jej je opredla Sirotica dano ji predivo, jezilo jo",1
mogla pretepati radi tega uboge Sirotice. Čudno pa se jej je,1
"zdelo vendarle, da je opredla Sirotica tako lepo, a ni imela",1
Prihodnjega dne pa pošlje zopet Sirotico na pašo. Ko jej pa,1
"pa pase tretjega dne zopet Sirotica, ogovori jo kravica: »Veš kaj,",1
"kravica: »Veš kaj, draga moja Sirotica, jaz sem se zelo zamerila",1
pride mesar ter zakolje kravico; Sirotica je točila grenke solzice po,1
"izrezuje mesar drob, tedaj zaprosi Sirotica mačeho: »Ljuba moja mamka, dajte",1
"bo — pela!« Ko prereže Sirotica 'prebiralnik', pade jej v roke",1
bi lovila tako pozornost mladeničev. Sirotici pa da cel kup s,1
"— in ni še končala Sirotica svoje tožbe, kar prileti trop",1
"tičic, ki vse umes žvrgole: »Sirotica, le pojdi, pojdi v cerkvico,",1
"že za te vse opravimo!« Sirotica teče k skali, odpre jo",1
"je končala maša, odšla je Sirotica prva iz cerkve, kjer jo",1
zavrne ji ponižna in nedolžna Sirotica. Drugo nedeljo odide mačeha s,1
"hčerjo zopet v cerkev, a Sirotici da zopet jednako hudo opravilo,",1
"opravilo, katero opravljajo drobni tički. Sirotico pa pelje zlati voziček v",1
vrsti je bil zaljubljeni grof. Sirotica ustopi zadnja kakor prvič —,1
"uspeha! Ko konča maša, odide Sirotica prva in zopet je izginila",1
"tvoja žena!« Tretjo nedeljo pride Sirotica v 'zvezdini obleki' v cerkev,",1
"z bezgom. Maša konča, a Sirotica hiti iz cerkve. Ko stopi",1
"mačeha je že prej skrila Sirotico pod neko korito, a svojo",1
i - i - i Sirot' ca pod koritom čepi -,1
"neko korito, izpod katerega poskoči Sirotica, krasna kakor spomladna rožica, da",1
te peljem k svoji materi! Sirotica pa ni hotela prisesti k,1
"ljudje — je priskrbel oče mačeho, ki je bila zelo hudobna",0
"je silno pekla hudobno dušo mačehe njene. Nalaga jej najtežja opravila,",0
"namotanih vretenc! Ko je videla mačeha, kako izborno jej je opredla",0
moja hči!« — rohnela je mačeha. In res koj drugega dne,0
res koj drugega dne pošlje mačeha svojo hčerko na pašo. Da,0
to?!« — jezila se je mačeha. Prihodnjega dne pa pošlje zopet,0
"namotanih vretenc, začne rohneti hudobna mačeha: »Kako je to da pa",0
"mesar drob, tedaj zaprosi Sirotica mačeho: »Ljuba moja mamka, dajte želodce",0
"imaš godrnjalo!« — zareži hudobna mačeha; — »a le glej, da",0
"hči, našemi in nališpa jo mačeha, kar največ more, da bi",0
tako bogato nadičeno gospo. Tudi mačeha jo je pogledovala z belim,0
"zaljubljenega grofa. Zelo razkačena prihrumi mačeha domov ter upije: »No, vlačugarsko",0
"nedolžna Sirotica. Drugo nedeljo odide mačeha s hčerjo zopet v cerkev,",0
Konečno pridejo tudi k naši mačehi. Hudobna mačeha je že prej,0
tudi k naši mačehi. Hudobna mačeha je že prej skrila Sirotico,0
"noče vanj, dasi jo je mačeha potiskala in potiskala, da jej",0
— in ta je bila mačehi še najbolj na poti. Vsa,0
"le tako navado!« — de mačeha ter potiska nogo v čeveljček,",0
jesenskega dne jo pošlje za kravico na pašo. Seboj pa jej,1
ne obupuj!« — nagovori jo kravica v njeno največje začujenje; —,1
"lakote. Komaj pa pride s kravico iz vasi, zdivja jej kravica",1
"kravico iz vasi, zdivja jej kravica tja po tujem polju; tu",1
"njive. In tako je divjala kravica do poldne, da je izgubila",1
"— in zopet pošlje za kravico svojo hčerko. A kaj, še",1
"dne zopet Sirotica, ogovori jo kravica: »Veš kaj, draga moja Sirotica,",1
dne pride mesar ter zakolje kravico; Sirotica je točila grenke solzice,1
"kakor je bila povedala zvesta kravica! Hitro obleče solčno krilo, natakne",1
"v grad, kjer jo mati grofinja radostno vsprejme in poljubi. V",1
"njo neki mlad, silno bogat grof, ki do tiste nedelje ni",1
"srcu. Ko je prišel ta grof domov, potoži materi svoji: »Oj",1
"je, ne odkod je!« Mati grofija pa je bila le-tega jako",1
je bolelo to tistega zaljubljenega grofa. Zelo razkačena prihrumi mačeha domov,1
prvi vrsti je bil zaljubljeni grof. Sirotica ustopi zadnja kakor prvič,1
po cerkvi od samega začujenja; grof prebledi in zaljubi se še,1
"v 'zvezdini obleki' v cerkev, grof pa namaže cerkveni prag z",1
"kako dekle, gotovo je prišel grof, da jej pomeri oni prekrasni",1
"je to?!« — začudi se grof in vse njegovo spremstvo. »I,",1
ali gremo dalje!« — pravi grof že malo nejevoljen. Kikiriki -,1
"rožica, da kar očara mladega grofa. Pmerijo jej čeveljček, ki se",1
"Ves ognjen jej reče zaljubljeni grof: Oj, le z mano z",1
V neki vasi je živel čevljar. Bil je pravi mojster in,1
"je dejala, ti bom hvaležna. Čevljar, ki je bil dober človek,",1
te ropotije? jo je vprašal čevljar. - Ko boš igral na,1
"je prišla tja k njemu krivopeta, ki je močno čotala, ker",0
izdrl žebelj iz pete in krivopeta mu je v zahvalo dala,0
odvezati. Tako mu je povedala krivopeta in odšla. Nekega večera se,0
"je zagledal pod češnjo tri tatove, ki so si nekaj delili.",0
in začel gosti na harmoniko. Tatovi so začeli plesati: najprej počasi,0
"Nehaj, nehaj, so ga prosili tatovi, a čevljar ni nehal gosti.",0
vrata in notri je prišla smrt. Smrt je bila suha in,0
in notri je prišla smrt. Smrt je bila suha in dolga,0
"Prišla sem pote, je dejala smrt, kar pusti svoje delo in",0
zapravljali čas. Nekega dne je Lucifer dejal: - Moram iti gor,0
"Zdaj te odvežem, je dejal Lucifer, počakaj, da si oddahnem. Dosti",0
"iz pekla videli, da se Lucifer ni vrnil, so ga šli",0
"je zagledal v detelji spečega zajca in je zaklical: - Glej,",0
"išče me sreča! Ujel bom zajca, ga prodal in si kupil",0
"gospod. In zakričal bom: drr-drr-drr-rrrr! Zajec se je prestrašil, skočil kvišku",0
ga prodal in si kupil kokoš. Kokoš bo izvalila piščeta. Kokoš,1
prodal in si kupil kokoš. Kokoš bo izvalila piščeta. Kokoš in,1
kokoš. Kokoš bo izvalila piščeta. Kokoš in piščeta bom prodal in,1
kupil kokoš. Kokoš bo izvalila piščeta. Kokoš in piščeta bom prodal,1
bo izvalila piščeta. Kokoš in piščeta bom prodal in si kupil,1
"prodal in si kupil mlado kozico. Kozica bo zrasla, postala bo",1
"in si kupil mlado kozico. Kozica bo zrasla, postala bo velika",1
"bo zrasla, postala bo velika koza in bo imela kozliče. prodal",1
"kozo in kozliče in kupil telico. Telica bo zrasla, postala velika",1
"in kozliče in kupil telico. Telica bo zrasla, postala velika krava",1
bo imela tele. Prodal bom kravo in tele ter si kupil,1
velika krava in bo imela tele. Prodal bom kravo in tele,1
tele. Prodal bom kravo in tele ter si kupil žrebe. Žrebe,1
in tele ter si kupil žrebe. Žrebe bo zraslo in bo,1
tele ter si kupil žrebe. Žrebe bo zraslo in bo lep,1
bo zraslo in bo lep konj. Sedel bom nanj in zdirjal,1
"ni dobil niti zajca niti konja. Ne prodajaj zajca, dokler ga",1
NA ČELU JE STOPALA NJENA MAMA. SLONI SO HODILI ŽE VEČ,1
"»NO, NO,« SE JE NASMEHNILA MAMA SLONICA SVOJI SLONČICI, »DA NAM",1
"MOJA MAMI,« JE REKLA SLONČICA TEA SVOJEMU PRIJATELJU ACIJU IN SE",1
"KOT MOJA MAMI,« JE PONOVILA TEA. »JAZ PA BI ŽE RAD",1
NE ZNAŠ?« »NESRAMNEŽ!« JE ODVRNILA TEA IN V OČEH SO JI,1
"»NE, NE BOM!« JE REKLA TEA IN SE OBRNILA V DRUGO",1
JO JE POSKUŠAL POTOLAŽIT ACI. TEA PA JE SAMO HLIPNILA. »KAJ,1
JOKAM!« NI MOGLA USTAVITI HLIPANJA TEA. ACI SE JE Z GLOBOKIM,1
TROBI!« »RES?« JE NEZAUPLJIVO VPRAŠALA TEA. »ZAGOTOVO!« JE RESNO ODVRNIL ACI.,1
"DAJ, NAUČI ME!« JE VZKLIKNILA TEA. »AH, SI TI ENA SLONA-SLONASTA,",1
"SPOMNIL ACI. »AJA,« JE REKLA TEA. »POTEM PA JUTRI, A NE?",1
"SONCE, ŽE JE BILA SLONČICA TEA POKONCI. HITRO JE POZAJTRKOVALA ŠOP",1
"KOSILO, BLIŽAL SE JE VEČER, TEA PA ŠE VEDNO NI ZMOGLA",1
POSTAJAL ČEDALJE BOLJ ZLOVOLJEN IN TEA ČEDALJE BOLJ OBUPANA. »PA SAJ,1
"…,« JE NAPIHOVALA SVOJA LICA TEA, A TROBLJENJU NI BILA NITI",1
"JUTRI!« »A RES?« JE VPRAŠALA TEA. »KAR SEM REKEL, SEM REKEL,«",1
"ZAČELA TROBITI. NASLEDNJE JUTRO JE TEA NAŠLA ACIJA, KAKO ZAMIŠLJENO STOJI",1
"TRAVI?« GA JE RADOVEDNO VPRAŠALA TEA. »TOČNO TO,« JE REKEL ACI.",1
KAJ PA?« JE ZDAJ TUDI TEA ZAŠEPETALA. »TO JE TREBA ŠELE,1
"ZA NJIM, SE JE TUDI TEA HITRO POPRASKALA PO ČELU, ACI",1
BOLJ OD BLIZU IN TUDI TEA JE URNO POČEPNILA. SICER NI,1
"PO KOLENIH ODPRAVIL OKOLI TRAVE, TEA PA JE ZELO PREVIDNO LEZLA",1
"JE, KAJ JE?!« SE JE TEA KOBACALA POKONCI. ACI PA JE",1
"NAVADNA TRAVA,« SE JE NAMRDNILA TEA. »KAKOR SE VZAME,« JE RESNO",1
"BOLJE,« JE SKRIVNOSTNO ODVRNIL ACI. TEA SE JE SKLONILA ČISTO K",1
DAJ SEM RILEC!« JE UKAZAL. TEA JE IZTEGNILA RILEC IN ZAČELA,1
"AAAAAA, AAAAAA-PTRUUUU!« JE NAENKRAT ZATROBILA TEA. ACI JO JE ŠE ENKRAT",1
"AAAA-PTRUUU, PTRUUU!« JE SPET ZATROBILA TEA IN POČILA ACIJA PO GLAVI.",1
"»AAPPP-TRUUUUU, TRUUUUU« JE SPET TROBILA TEA. VADILA JE VES DAN IN",1
"NA BREGU, SE JE SLONČICA TEA SKLONILA K NJEMU IN MU",1
Studenicah nad Bočem živela revna vdova s sinom Jankom. Od ranega,1
"dan gledal, kako se njegova mati muči le za borno hrano,",1
"zmeraj raje je imel svojo mater. Pozimi, ko so njive počivale,",1
živela revna vdova s sinom Jankom. Od ranega jutra do pozne,1
je preživela sebe in otroka. Janko je rasel in iz dneva,1
ki ji jo odmerjajo bogati gospodarji. In zmeraj raje je imel,0
"počivale, je mati prala za gospodo, Janko pa je ostajal doma.",0
"prijazno ogovarja. Zagledal je prelepo ženo, ogrnjeno v bleščeč bel plašč.",1
"deček spomnil, da je lepa žena prava vila z Boča, o",1
"mesto in stopi pred samega kralja ter ga prosi, naj ga",0
vzame v službo. A tudi kralju je znana mladeničeva moč. Boji,0
"pripoveduje, kam ga pošilja njegov kralj in gospodar. Ko sliši velikan",0
"drugače. «Res sem dolžan vašemu kralju tri vreče cekinov», pravi, «a",0
"zahtevajo s huda, naj jim kralj da denar. Ko kralj izve,",0
"jim kralj da denar. Ko kralj izve, da je velikan podavil",0
Prinesejo tri vreče cekinov pred kraljev grad in jih vržejo s,0
"da se stresejo zidovi. Ko kralj sliši, da se je mladenič",0
gozdu in pride do moža velikana. Opazuje ga in vidi da,1
ga in vidi da ruje velikan smreke iz tal in jih,1
"kralj in gospodar. Ko sliši velikan mladeničevo zgodbo, mu pravi: «Nič",1
se zveseli in sprejme radevoljno velikanovo tovarišijo. Oba potujeta dalje po,1
mlinske kamne.« Nato vpraša še velikan: «Kam sta vidva namenjena?« Mladenič,1
"tovariša; pa je tudi tretji velikan brž pripravljen, da gre z",1
"a se boji močnih postav velikanov. Sklene zato, da se jih",1
"kar zahtevate. « Mladenič in velikani se posvetujejo, kaj naj bi",1
"premetujeta, dokler zmaj ne podleže; velikan ga uduši. Izmučen se vrne",1
"ga uduši. Izmučen se vrne velikan proti knezovemu gradu, a radi",1
"zadremlje. Ostali čakajo in čakajo, velikana ni od nikoder. Čudno se",1
"hrast, pod katerim je spal velikan. Veja se odkrhne z drevesa,",1
"k poslopju za gradom in velikan, ki je ruval smreke, odpre",1
vas na pomoč.» Mladenič in velikani se vrnejo v grad vsi,1
"Ko kralj izve, da je velikan podavil vse najhujše zveri, se",1
"zveri, se zboji, odpre zakladnico; velikani napolnijo tri vreče cekinov; zadenejo",1
"bi kaj nesel. Ko se velikani oddaljijo od grada, se knez",1
"ter hiti z njo za velikani, da bi jih dotekel in",1
"orjakom. Takrat reče eden izmed velikanov: «Nekaj je zadelo vame, kakor",1
"daleč1, daleč nazaj. Sedaj potujejo velikani v miru dalje po gozdih,",1
"mladenič vrnil v družbi treh velikanov, ki so prinesli toliko vreč",1
"v tujo deželo k sovražnemu knezu, kateri mu je bil dolžan",0
jih ni hotel dati. Sovražni knez je slovel kot zelo krut,0
"mladeniču: «V sosednji deželi živi knez, ki mi je dolžan že",0
"boš! opravil sam. Poznani sovražnega kneza in vem, da je hud",0
potu prispejo v deželo tujega kneza. Gredo k njemu in mladenič,0
po kaj so prišli. Tuji knez jih gleda črno izpod oči.,0
"Izmučen se vrne velikan proti knezovemu gradu, a radi trudnosti leže",0
se razhudijo in stopijo pred kneza ter zahtevajo denar. Knez se,0
"velikani oddaljijo od grada, se knez skesa, da jim je dovolil",0
zaklad. Na hitrih konjih drvi knezova vojska po planjavi in se,0
"se in vidijo za sabo knezovo vojsko, ki se jim približuje",0
"tako močjo, da pomete vihar knezovo vojsko kot' listje. Nekateri vojaki",0
bili ušli krutemu in mogočnemu knezu. Da bi se rešil nevarnih,0
"zato, da ga da za kovača, ker zahteva prav ta stan",0
"torej v tretjo vas do kovača in ga prosi, če bi",0
"in kuje, da se stresa kovačija in da zvene šipe' v",0
"da mu mladenič ne podere kovačije, zato ga prosi, naj neha",0
hrbet ter ga nese (proti kovačiji. Pred kovačijo vrže železo s,0
"ga nese (proti kovačiji. Pred kovačijo vrže železo s sebe, da",0
"v notranjost, planejo nanj najhujše zveri, kar jih je na svetu.",0
"je velikan podavil vse najhujše zveri, se zboji, odpre zakladnico; velikani",0
"srečen in vesel domov k očetu, kjer je živel potem zadovoljen",1
ga izuči. Kovaški mojster sprejme mladeniča in mu odkaže delo pri,1
"a tudi to se zdi mladeniču prelahko. Mojster je v zadregi,",1
"močjo. Boji se, da mu mladenič ne podere kovačije, zato ga",1
"se 7boji, da bi mu mladenič nekoč ne podrl cele hiše,",1
A tudi kralju je znana mladeničeva moč. Boji se ga in,1
"imel pred njim. Reče torej mladeniču: «V sosednji deželi živi knez,",1
"kuril.» Nato vpraša še on mladeniča, kam je namenjen. Mladenič mu",1
"in gospodar. Ko sliši velikan mladeničevo zgodbo, mu pravi: «Nič ne",1
"drevesa v gozdu. Nato pripoveduje mladenič, kam pelje pot njega in",1
"kneza. Gredo k njemu in mladenič pove, po kaj so prišli.",1
"kralj sliši, da se je mladenič vrnil v družbi treh velikanov,",1
"prepustijo vse tri vrelce cekinov mladeniču, sami pa odidejo vsak v",1
 Mati je imela tri hčere. Najmlajši,1
"ime Barica. Ker je bila mati zelo revna, je poslala vse",1
hčere. Najmlajši je bilo ime Barica. Ker je bila mati zelo,1
"Hudobec je odšel vabit prijatelje, Barica pa, ki je vse to",1
"vzeti za dekle?« je vprašala Barica mladega kralja. »Vzamem vas, zakaj",1
tri imela je Mati hčere. Najmlajši je bilo ime Barica.,0
je poslala vse tri služit. Sestre so odšle od doma in,0
"to slišala, je takoj zbudila sestri in jima povedala, kaj z",0
"hiše, kjer je gospodoval sam hudobec. »Ali potrebujete dekle?« je vprašala",0
Sredi noči pa je rekel vrag svoji ženi: »Nad posteljo sem,0
"se bomo z njimi mastili.« Hudobec je odšel vabit prijatelje, Barica",0
"pribežale do kraljevega gradu. »Dobri kralj, bi nas hotel vzeti za",1
"dekle?« je vprašala Barica mladega kralja. »Vzamem vas, zakaj vas ne",1
"ne bi vzel,« je odgovoril kralj. »Prišle ste kot nalašč, ker",1
"zgodilo, da se je neki velikan spoprijateljil z nekim kmetom. Velikan",1
velikan spoprijateljil z nekim kmetom. Velikan je bil kmetiču zelo naklonjen.,1
"ko je kmet napasel, je velikan prišel pogledat, koliko mleka so",1
neki velikan spoprijateljil z nekim kmetom. Velikan je bil kmetiču zelo,0
nekim kmetom. Velikan je bil kmetiču zelo naklonjen. Ko je poleti,0
"naklonjen. Ko je poleti poslal kmet živino na planino na pašo,",0
iz njegove košate brade. To planšaricam ni bilo všeč in tudi,0
v njej živela prijazna čarovnica Vika. Bila je čisto sama. Daleč,1
"jutra. Vse je spalo. Čarovnica Vika je na ves glas prepevala,",1
"Vsak pogled vanj je čarovnico Viko navdušil, tako je vedela, da",1
s plesa vesela vrnila čarovnica Vika. Pozdravila je kaktus in ga,1
palico in znaš čarati.« Čarovnica Vika jim je izpolnila želje brez,1
"bal. To so bili podganica Manca, žaba Frida, polžek Janko in",0
kaktusu je prva prišla podganca Manca. Tema jim je zastirala pogled,0
"zbodem, sam si kriv.« Podganca Manca se je držala za okrvavljeno",0
"in brez čarobne palice. Podganca Manca, polžek Janko, žaba Frida in",0
"so bili podganica Manca, žaba Frida, polžek Janko in čmrlj Feri.",0
"dolino odnašal veter, privabil žabo Frido. Tudi žaba je izvedela, da",0
"več grda in strašljiva. Žaba Frida ni videla bodic, zato se",0
"zbodem, sam si kriv.« Žaba Frida se je držala za okrvavljen",0
"Podganca Manca, polžek Janko, žaba Frida in čmrlj Feri so lahko",0
"podganica Manca, žaba Frida, polžek Janko in čmrlj Feri. Vsi so",0
"vedno ponosno predstavil: »Sem polžek Janko, pa pika.« Hitel je odtrgati",0
"zbodem, sam si kriv.« Polžek Janko pa je jokal in stokal",0
"čarobne palice. Podganca Manca, polžek Janko, žaba Frida in čmrlj Feri",0
"Frida, polžek Janko in čmrlj Feri. Vsi so si želeli, da",1
"sonce ogrelo zemljo, je čmrlja Ferija predramilo ihtenje in glasen jok.",1
"Janko, žaba Frida in čmrlj Feri so lahko za vedno ostali",1
"bile so Nekoč krave precej manjše kakor zdaj, približno",1
brez strahu puščali otroke doma s kravami in odhajali na delo. Ko,1
"pestunje. Z dolgim jezikom so otroka umile, mu s košato konico",1
"tudi mleko, in ko je otrok postal lačen, je preprosto segel",1
se ga do sitega napil. Starši so tako brez strahu puščali otroke,1
"za pestunjo izbrali belo kravo Mimiko. Katka je bil prvi otrok,",1
"prvi otrok, ki ga je Mimika varovala. A namesto da bi",1
"na moč vedoželjna. Ko je Mimika izplazila jezik, da bi jo",1
"pestunjo izbrali belo kravo Mimiko. Katka je bil prvi otrok, ki",1
"kakala in spala, je bila Katka na moč vedoželjna. Ko je",1
"bi jo umila, je tudi Katka pokazala svojega in se kar",1
 Luna in Sonce sta se pred,1
"smrkali v rokav. Sonce in Luna sta kmalu opazila, da je",1
"se jima zasmilili. Zato je Luna rekla Soncu: »Veš, dragi,ni prav,",1
in Luna Sonce sta se pred mnogimi mnogimi,1
"potiho so smrkali v rokav. Sonce in Luna sta kmalu opazila,",1
"zasmilili. Zato je Luna rekla Soncu: »Veš, dragi,ni prav, da misliva",1
bogat je Živel mlinar. Njegov mlin je bil najlepši,1
"sinek,« se je razveselil bogati mlinar, ko je zjutraj zagledal mladeniča",1
"sinko!« ga spet pozdravi bogati mlinar, ko ga je zagledal prihajati",1
melje v tem mlinu tudi hudobec za svojo družino v peklu.,0
"in vse premoženje, če preženeš vraga iz mojega mlina.« »Dobro,« pravi",0
odpro in noter stopi sam hudobec s polno vrečo na plečih.,0
"hitro, da je pozabil na  hčer tega mlinarja za ženo.",1
"iz mojega mlina.« »Dobro,« pravi dečko, »to že napravim.« Ko zvečer",1
"mlinu. Pa zagleda na stolu dečka, ki je držal piščalko na",1
"gre v hišo, a pripelje najstarejšo hčer, ki se je branila na",0
"tako se je zgodilo s srednjo hčerko, tako da je moral privesti",0
"med njimi mu je bila najmlajša tudi najljubša, kot je to",1
"bi rada imela dragocen lišp, najmlajša pa, ki je posebno rada vrtnarila,",1
"za starejši hčeri, a na najmlajšo bi bil kmalu pozabil. Povprašal je",1
rad storil vse za svojo najmlajšo hčer. Prišel je pod grad in,1
"darov. Najbolj vesela je bila najmlajša hčer, kajti tudi njej je oče",1
"tako da je moral privesti najmlajšo hčer, ki se pa ni branila.",1
"hčer, rekoč: “Jaz nisem medved, kralj sem, toda silno nesrečen, kajti",1
"Veseli so bili zaroke rešenega kralja, ki je toliko let “začaran",1
dežela. Čez nekaj časa sta kralj in žena obiskala trgovca. Stari,1
"pod pojočim drevesom grozno hud medved, ki varuje grad in drevo",0
"hipu je že pri njemu medved, ki ga povpraša, po kaj",0
vsako željo.” Nato mu pravi medved: “Mogoče ti bo! Ali mi,0
"hoče, izpolnil ti jo bom.” Medved gre, a se kmalu vrne",0
"je že skoraj pozabil na medveda, hčere pa niso vedle zanj,",0
"pride, odpre vratca in zagleda medveda, ki mu moli taco v",0
mu moli taco v pozdrav. Medved mu reče: “Prišel sem po,0
"branila na vse kriplje. No, medved je ni niti pogledal, udaril",0
ni branila. Sedla je k medvedu in bliskovito so oddirjali proti,0
"trgovčevo hčer, rekoč: “Jaz nisem medved, kralj sem, toda silno nesrečen,",0
"pogumno se je držala poleg medveda, ki jo je osrečeval s",0
Zato reče nevesta nekega večera medvedu: “Rada bi šla malo na,0
"kdo mi bo pokazal pot?” medved ji pove, da jo bosta",0
"Toda pot ji je prestregel medved, kateremu je odpadla zakleta koža,",0
je toliko let “začaran v medveda” varoval čudodelno pojoče drevo. In,0
zakaj nisem šla takrat z medvedom! Prav mi je!”,0
ki krasno poje in žvižga. Medved pa mu de: “Ako mi,0
so oddirjali proti začaranem gradu. Medved se je za hip spremenil,0
so splai vojaki in konji. Medved je ležal podnevi pod pojočim,0
"živel je dni Svoje kralj, ki je imel tri sinove.",1
"vsega kraljestva, da bi vrnili kralju zdravje, a vse zaman. Odkritosrčno",1
berač. Nejevolja se je pokazala kralju na obrazu. Berač to opazi,1
"mi bliža zadnja ura,« odgovori kralj s slabotnim glasom. »Ni še",1
"»Ni še prišla zadnja ura, kralj. Eno zdravilo je še na",1
"ne morem verjeti,« pravi bridko kralj, »pa lej povej!« »Prav dobro",1
"odbila zadnja ura. – Zbogom, kralj!« S temi besedami zapusti sobo.",1
"zdravilno jabolko, bo naslednik mojega kraljestva.« Starejšima sinovoma to ni bilo",1
duri in v sobo stopi berač. Nejevolja se je pokazala kralju,1
"Temu reče, naj takoj pokliče berača, ki je ravnokar odšel. Služabnik",1
prihajati šepavega človeka. Bil je berač. Kraljevi sin hoče prevzetno mimo,1
"se ozre, rekoč: »No, ti berač, desetico si dobil od mene.",1
ki mu ga je dal berač. Pot je bila zelo dolga.,1
ga spozna. Bil je tisti berač. Pripognil se je k ležečemu,1
"najmlajši sin. Nasproti mu pride berač, ki pa niti ni utegnil",1
"oditi, kakor mu je zapovedal berač. Toda glava mu je težka",1
"vrta. Zunaj mu pride naproti berač. »Blagor ti, kraljevič! Trepetal sem",1
"si odpočij!« Nekoliko trenutkov je berač molčal, potem pa spet spregovoril:",1
"mu je, da ga je berač prijel okoli pasu ter zletel",1
"ki mu jo je dal berač, že sta stala pred njim",1
"naglo zboli. Poklicali so najboljše zdravnike vsega kraljestva, da bi vrnili",0
 Milica in Cvetko sta hodila v,0
"jabelko v roko. Kmalu pride Milica domov in prosi mater, da",0
iz rok! pravi mati in Milica mu izdere jabelko iz roke,0
in Milica Cvetko sta hodila v šolo. Necega,0
sta otroka domov in glej! Cvetko je bil prvi doma. Ko,0
se hudo razjezi in udari Cvetka tako z debelim polenom po,0
"Necega dne jima reče Milkina mati in Cvetkova mačoha,da dobi oni,",0
bil prvi doma. Ko je mati to videla se hudo razjezi,0
"takoj zgrudi mrtev na tla. Mati se ne malo ustraši, a",0
Na drevo je priletela zlata tica in je pela tako pesem:,1
"oče! začne Milica, „kako lep ptič je ondi na drevesi in",1
odnesel jih je v sobo. Tica je zopet začela pevati in,1
Neka mačeha nažene svojega pastorka z rešetom,0
"jo hoče namesto vode odnesti mačehi, a kako ostrmi, ko ga",0
in leže vznak na peč. Mačehi pa se nikakor ni zdelo,0
svojega nažene mačeha Neka pastorka z rešetom po vode. Nerodnež—,1
"ji zdi, da bukev sama Nerodneža nese, namesto da bi jo",1
"čudeč se zavpije: »Glej ga, Nerodneža! Namesto da on bukev nese,",1
"vode ostane v rešetu le ribica, ki se je sedaj, ko",1
"a kako ostrmi, ko ga ribica takole nagovori: »Ljubi moj, deni",1
"je bil, brez pomisleka vrže ribico nazaj v vodo in poskusi",1
v katerem je ravno mlada gospodična pri oknu stala. Čudno se,1
"zlate ribice poželi, da bi gospodična noseča postala, in gre svojo",1
za pastirja in tam ostane. Gospodična pa je rodila prav zalega,1
"tri leta star, je povabil graščak vse viteze tiste dežele na",0
prav dobre volje. Medtem pelje graščak svoje drage goste v prostrano,0
"otrok ter mu ponudi jabolko. Graščak pa še vendar noče verjeti,",0
"pa je rodila prav zalega fantička, za katerega nihče ni vedel,",1
"njegov oče. Ko je bil fantič že tri leta star, je",1
je bil tri leta stari fantiček z zlatim jabolkom v rokah.,1
nekemu K grofu pride stara žena in mu,0
za tri zlate. Ker jo grof vpraša zakaj je mala riba,0
"kar živali med seboj golče!» Gospod kupi ribo, pa zabičaj svojemu",0
K nekemu grofu pride stara žena in mu ponuja čudno ribo,0
"mala riba tako draga, odvrne starka:»Zategadelj, ker tisti, ki je to",0
"kupi ribo, pa zabičaj svojemu kuharju, da ne sme niti polizniti",1
"ribjega mesa, sicer zgubi glavo. Kuhar speče ribo, pa si jo",1
nese gospodu. Popoldne pa mora kuhar z graščakom na lov jahat.,1
"Med potom pa vpraša kuharjev konj grofovega, zakaj tudi on ne",0
"ne skoro umrl!» odgovori grofov konj. Mlad kuhar se spozabi, pa",0
gnezdece. Mahoma zasede kuhar svojega konja in se poslovi. Pri bližnjem,0
slišal ni. Priletite pa dve ptičici na drevo in ena pripoveduje,1
sredi šume goreč mravlinjak. Vse mravlje kričijo in hitijo ven on,1
"Kuhar odide pa se domisli mravljic, ki mu tudi na mah",1
sta ravno dva ribiča zlato ribico in se za njo prepirala.,1
morju in misli na zlato ribico. Čez nekaj časa priplava in,1
"Kuhar reče to in to. Ribica pa pove, da ima tisti",1
"pa kazen, če mu pripelje Zlatolasko za ženo. Žalosten premišljuje kuhar,",1
"premišljuje kuhar, kje neki more Zlatolaska živeti, ker še nikdar o",1
pripelje na otok in snubi Zlatolasko za ženo svojemu gospodu. Grof,1
imenovali so ga ljudje zato „Zlatoroga . Bele žene bile so,1
"Triglavska roža. Če je požvečil Zlatorog le en list take rože,",1
Komur bi se posrečilo vjeti Zlatoroga in dobiti v last eden,1
"v pečino Bogatina, čakal je Zlatoroga. Videl je, da se dotika",1
"Videl je, da se dotika Zlatorog s rogom strašne kače; na",1
kteri si je bil oderl Zlatorog na skali. S tim dobil,1
"se odpravita, da bi zasačila Zlatoroga. Saj je vedel lovec iz",1
ga najdeta. Lovčeva krogla zadene Zlatoroga ravno v srce; težko ranjen,1
"„Še je čas, da ukrotiva Zlatoroga, dokler še ne požveči čudne",1
tega še misla nista. Ali Zlatorog bil je požvečil pero čudne,1
"zvrti se mu v glavi. Zlatorog skoči proti njemu, lovec se",1
odišle so tudi bele koze. Zlatorog je razril s svojimi rogovi,1
pečino. Posrečilo se je kasneje Benečanu; našel je samo košček zlatega,0
na Italijansko. Manje srečen nego Benečan bil je lovec iz Trente;,0
"srečen nego Benečan bil je lovec iz Trente; da, nehvaležnost človeška",0
"veselje naj veče, pride tudi lovec iz Trente v sobo. Povabi",0
"zasačila Zlatoroga. Saj je vedel lovec iz Trente, kam zahaja kozel",0
"„Za mano , zakliče zeleni lovec, „ključ Bogatinovih zakladov je naš!",0
"je naš! Ko pa hoče lovec dalje, zagleda na skali naj",0
se kakor solnce; omamljen pogleda lovec iz Trente pod se v,0
"glavi. Zlatorog skoči proti njemu, lovec se zverne v brezmerno globočino.",0
"bolje priljubila se je vsakemu krčmaričina hčerka, ponižna pa naj lepša",1
"tim se je bil prikupil krčmarici, še bolj pa njeni hčerki.",1
živeI pred mnogimi leti strašen razbojnik. Dolgo ga je že lovila,0
mu prilomasti nasproti grozen zmaj. Ropar hitro pozvoni. Baš o pravem,0
in mu prilomasti nasproti grozen zmaj. Ropar hitro pozvoni. Baš o,0
"še potegnili kvišku, da ga zmaj ni raztrgal. Ko je bil",0
nadloga. Vrli Postojnci in njihov župan so si hudo belili glave,0
in poslali ponj. Postojnci z županom v sredi so ga sprejeli,0
"V davnih časih je živel zmaj, ki pa ni bil navaden",0
ki pa ni bil navaden zmaj. Živel je v prostranih votlinah,0
so mu okoličani rekli jamski zmaj. Slovel je po bučnem rjovenju.,0
ki mu je bilo ime Jakob. Po nanoških tratah je pasel,1
"ki jih premorejo ti kraji. Jakob jih je poslušal, poslušal in",1
"čeprav je še tako pameten?!«, Jakob je vedel svoje. Ob svoji",1
v jami poznajo globoke praske. Otočani iz sosednjega Velikega Otoka so,0
za ljudi strašna nadloga. Vrli Postojnci in njihov župan so si,1
meščani spomnili in poslali ponj. Postojnci z županom v sredi so,1
zmajeve solze. Hvaležni in presenečeni Postojnci so iz zmajeve kože izdelali,1
"siromak je Živel Martin. Imel je toliko otrok, kolikor",1
"pri hiši, zato se odpravi Martin po svetu sreče iskat. Šele",1
"gospodinjo, ki je potrebovala hlapca. Martin ji potoži svojo revščino ter",1
"Šele v tretjem mestu najde gospodinjo, ki je potrebovala hlapca. Martin",0
"pri meni za hlapca,« pravi gospodinja. »Pri meni traja leto samo",0
"in ostane. Prvi dan ukaže gospodinja, da gresta s sinom kamenje",0
"prav takšno delo kakor moj sin. Če dobro odslužiš leto, dobiš",0
"Martina, ko je videl gospodinjinega sina. Bil je pravi velikan, siromak",0
"ukaže gospodinja, da gresta s sinom kamenje mlet. Za zajtrk jima",0
"svojimi dolgimi cepelingami kar za zajcem, Martin pa žalosten sede kar",1
"grm, iz katerega je skočil zajec. Premišljuje, kako se bo vrnil",1
nekim dolginom. Vsa vesela pove otrokom novico in iz koče se,1
se usuje kar cela procesija otrok očetu naproti. Velikan pa ni,1
"nikdar videl. Vik in krik otrok ga tako prestraši, da spusti",1
Živel je multimilijonar z imenom Mock-a-fellow. Imel je obširne in številne,0
svojemu bogastvu je bil pa Mock-a-fellow jako čuden človek. Vedno se,0
jal se sploh ni nikoli. Mock-a-fellow je dalal veliko preglavice svojej,0
"kratkočasno, tem bolj je bil Mock-a-fellow z njim oduren in sirov.",0
zastonj je bil vsak poskus. Mock-a-fellow je bil še bolj razdražen,0
"$5000 nagrade vsakemu, kdor milionarja Mock-a-fellowa pripravi k smehu. Odzvalo se",0
"peli na vse načine pred Mock-a-fellowom, a dosegli niso ni najmanjšega",0
"dosegli niso ni najmanjšega vspeha. Mock-a-fellow je grdo gledal nekaj časa,",0
"se nekega dne oglasi v Mock-a-fellowi palači revno oblečen delavec. Prosi,",0
"pogumnimi in trpkimi besedami očitati Mock-a-fellowu neznosne – krivice, ki jih",0
primorani iskati jih drugim potom. Mock-a-fellow je pozorno poslušal drznega priščeca.,0
da hoče več pravic – Mock-a-fellow se ni mogel premagati več,0
že dal vaših pravic! Ha!« Mock-a-fellow je omahnil na stol in,0
"doslej! Marš. Ha, ha!!« In Mock-a-fellow se smeje oddaljil; smeje šel",0
"Zlasti je trpel njegov glavni poslovodja, s kterim je bil milijonar",1
"Kolikor bolj se je trudil poslovodja, da bi z svojim bosom",1
njim oduren in sirov. Toda poslovodja je bil potrpežljiv. Noč in,1
vsakikrat ne baš nežno ozmerjal poslovodjo. Slednjič je potrpežljivemu poslovodji prišlo,1
ozmerjal poslovodjo. Slednjič je potrpežljivemu poslovodji prišlo nekaj na misel. na,1
donelo je po sobi in poslovodja ter ostali vslužbenci so kakor,1
"v Mock-a-fellowi palači revno oblečen delavec. Prosi, da ga puste pred",1
"ustreže in kmalo je stal delavec pred osornim milijonarjem, kteri se",1
"– – in ko je delavec rekel, da hoče več pravic",1
"dvorišče. Njihovemu vrišču so prisluhnila Sanja in njena cunjasta dvojčka, Nina",1
"in očka vrneta,« je rekla Sanja. »Pojdimo,« je predlagala še Nina.",1
"bili zunaj.« »Prav,« je rekla, Sanja, »samo če me bosta ubogala.",1
poredneža!« ju je strogo poklicala Sanja. »Kaj smo se zmenili? Lepo,1
"pa preveč,« se je ujezila Sanja. » Komaj smo prišli na",1
"packa in poredneža,« je rekla Sanja. Prijela je za ušesa najprej",1
"Sanja in njena cunjasta dvojčka, Nina in Mihec. »Pojdimo še mi",0
"Sanja. »Pojdimo,« je predlagala še Nina. »Saj bomo hitro nazaj! Še",0
je sonce še ni posušilo. Nina se je seveda zapodila za,0
Takoj se je ustavila še Nina in se s čistim krilcem,0
"»Jaz tudi ne,« je zacepetala Nina. »V pesku se bova igrala,",0
pa na potep!« je vzkliknila Nina. »Nikakor se ne bosta šla,0
"ušesa najprej Mihca, potem še Nino in ju odpeljala nazaj v",0
"sonce posušilo že vse luže, Nina in Mihec pa sta morala",0
"njena cunjasta dvojčka, Nina in Mihec. »Pojdimo še mi ven,« je",0
"še mi ven,« je predlagal Mihec. »Ne smemo. Počakati moramo, da",0
"vhodna vrata, se je že Mihec zapodil naravnost v lužo, ki",0
se zmenili? Lepo se vedita!« Mihec se je brž ustavil in,0
"že ne grem,« je zacepetal Mihec. »Jaz tudi ne,« je zacepetala",0
"na potep.« je trmasto nadaljeval Mihec. »Krasno, potem pa na potep!«",0
"Prijela je za ušesa najprej Mihca, potem še Nino in ju",0
"že vse luže, Nina in Mihec pa sta morala za kazen",0
"mladostjo, se mu je prikazala vila z Menine planine in rekla:",1
"čudežni studenec. »Pij!« je velela vila, kos ta prispela na cilj.",1
"sklonil in pil, dokler ni vila spet spregovorila: »Zdaj prejenjaj! Zadosti",1
"Zadosti si pil!« Takrat je vila izginila, drvar pa se je",1
"Menino planino je živel ubog drvar, ki je imel leseno bajto,",1
"pil!« Takrat je vila izginila, drvar pa se je lahkih nog",1
"dojenčka... Kaj bi zdaj mladi drvar s takšno ženo, ki se",1
"tako spešen, je gladoval z ostarelo ženo vred. Ko je nekega dne",0
je doživel pri čudežnem studencu. Žena pa je silila in silila,0
"je zibala dete - drvarjevo prvo ženo... Ko so ljudje izvedeli, kako",0
se je oženil. In njegova druag žena je zibala dete - drvarjevo,1
